name,exp,variant,workload,rc,insts,cycles,cpi,ipc,sim_ms,host_s,l1d_acc,l1d_miss,l1d_mr,l1d_mshr_miss,l1d_miss_lat_cyc,l1d_hit_lat,l1d_amat,l1d_mpki,l1d_repl,l1d_wb,l1i_acc,l1i_miss,l1i_mr,l2_acc,l2_miss,l2_mr,l2_miss_lat_cyc,l2_mpki,victim_hits,victim_miss,dram_rd,dram_wr,dram_bytes,dram_lat_cyc,dtlb_acc,dtlb_miss,dtlb_mr,dtlb_mpki,itlb_acc,itlb_miss,page_faults,penalty_cyc,penalty_frac,pf_issued,pf_useful,pf_accuracy,program_output
base_default_chase,base,default,chase,0,3160920,25343157,8.017652139250599,0.12472479257418481,12.671999999999999,2.43,632806,518448,0.8192842672161769,518448,31.590705336,2.0,27.88176787204693,164.01807068828063,517424,517411,4359367,114,2.6e-05,518562,17578,0.033897586016715456,186.73665946,5.561039191121572,0,0,17578,0,1124992,84.51386,633085,393614,0.6217395768340744,124.52513825088899,4359367,4,275,0,0.0,0,0,0.0,chase: footprint_kib=1024 nodes=16384 hops=500000 final=9930
base_default_chase4m,base,default,chase4m,0,5126955,128992765,25.15972248634911,0.03974606637821897,64.496,4.9,1026016,603540,0.5882364407572591,603540,189.3794181,2.0,113.39987485582486,117.71899694848112,602516,102568,6916033,114,1.6e-05,603654,570739,0.9454737316409731,193.795176078,111.32124233585043,0,0,570739,69653,40985088,91.49288,1027111,531919,0.5178787881738196,103.74949653351746,6916033,4,1091,0,0.0,0,0,0.0,chase: footprint_kib=4096 nodes=65536 hops=500000 final=60
base_default_hello,base,default,hello,0,1401,17309,12.354746609564597,0.08094055115835692,0.009000000000000001,0.01,685,32,0.04671532846715328,32,147.5,2.0,8.89051094890511,22.840827980014275,0,0,1834,50,0.027263,82,82,1.0,146.646341464,58.52962169878658,0,0,82,0,5248,45.09146,685,3,0.004379562043795621,2.1413276231263385,1834,1,0,0,0.0,0,0,0.0,"Hello, World!"
base_default_matmul,base,default,matmul,0,6862544,24657977,3.5931247945368363,0.2783092870919622,12.328999999999999,3.28,1881623,119767,0.06365090137609924,119767,29.821912546,2.0,3.8981916143121027,17.452274258642277,118743,118729,8772200,117,1.3e-05,119884,3632,0.030295952754329183,151.107929516,0.5292497942453994,0,0,3632,0,232448,49.555339999999994,1881687,120,6.37725615365361e-05,0.017486226682116718,8772200,5,58,0,0.0,0,0,0.0,matmul: n=96 block=0 checksum=219826053362
base_default_matmulb,base,default,matmulb,0,9102071,27171349,2.9851831522738066,0.3349878211788454,13.586,3.79,1995850,14758,0.007394343262269208,14758,56.99085242,2.0,2.4214099256028057,1.6213892420746883,13734,13720,11175021,120,1.1e-05,14878,3633,0.2441860465116279,150.951555188,0.39913993200009096,0,0,3633,0,232512,49.39884,1995914,120,6.012283094361781e-05,0.013183812782827117,11175021,5,58,0,0.0,0,0,0.0,matmul: n=96 block=16 checksum=219826053362
base_default_pagewalk,base,default,pagewalk,0,4025259,13331063,3.311852231123513,0.30194583882770637,6.666,1.87,505655,89462,0.17692300086027035,89462,26.967874628,2.0,6.771237306009307,22.22515371060595,88923,88917,5033313,122,2.4e-05,89586,727,0.008115107271225415,162.741403026,0.18060949618397226,0,0,727,0,46528,60.95324,506180,501042,0.9898494606661662,124.47447481019233,5033313,6,515,0,0.0,0,0,0.0,pagewalk: pages=512 hops=500000 final=200
base_default_stream,base,default,stream,0,6820444,47146867,6.912580324682675,0.14466378009804978,23.573,3.32,1574368,196674,0.12492250858757292,196674,156.243529902,2.0,21.5183337059353,28.835952615401578,195650,65556,6822833,112,1.6e-05,196786,196786,1.0,151.24095718200002,28.852373833726954,0,0,196786,65556,16789888,49.73364,1575396,4111,0.002609502626641175,0.6027466833537524,6822833,4,1026,0,0.0,0,0,0.0,stream: words=524288 passes=2 checksum=8dd97a8432780000
base_default_stride,base,default,stride,0,8766024,64970069,7.411577814525719,0.13492403709775957,32.485,5.48,1863851,1604169,0.86067448524587,1604169,26.32858134,2.0,24.660338192058518,182.99847228344345,1603145,1603132,11098754,112,1e-05,1604281,4264,0.0026578884871166584,148.136726078,0.4864234914255311,0,0,4264,0,272896,46.60518,1863919,142,7.618356806277526e-05,0.016198906140343673,11098754,4,66,0,0.0,0,0,0.0,stride: stride=32768 lines=8 iters=200000 checksum=1605600000
l1dassoc_16way_chase,l1dassoc,16way,chase,0,3160920,25343157,8.017652139250599,0.12472479257418481,12.671999999999999,2.95,632806,518436,0.8192653040584318,518436,31.591390258,2.0,27.88172994534895,164.01427432519645,517412,517399,4359367,114,2.6e-05,518550,17578,0.03389837045607945,186.75304357800002,5.561039191121572,0,0,17578,0,1124992,84.53024,633085,393614,0.6217395768340744,124.52513825088899,4359367,4,275,0,0.0,0,0,0.0,chase: footprint_kib=1024 nodes=16384 hops=500000 final=9930
l1dassoc_16way_matmul,l1dassoc,16way,matmul,0,6862544,24604419,3.585320400131496,0.2789151005760388,12.302,3.96,1881623,117553,0.062474257595703284,117553,29.890577015999998,2.0,3.8673916081817916,17.129653376357222,116529,116515,8772200,117,1.3e-05,117670,3632,0.030865981133678933,151.143171806,0.5292497942453994,0,0,3632,0,232448,49.591,1881687,120,6.37725615365361e-05,0.017486226682116718,8772200,5,58,0,0.0,0,0,0.0,matmul: n=96 block=0 checksum=219826053362
l1dassoc_16way_stream,l1dassoc,16way,stream,0,6820444,47146867,6.912580324682675,0.14466378009804978,23.573,3.76,1574368,196674,0.12492250858757292,196674,156.243529902,2.0,21.5183337059353,28.835952615401578,195650,65556,6822833,112,1.6e-05,196786,196786,1.0,151.24095718200002,28.852373833726954,0,0,196786,65556,16789888,49.73364,1575396,4111,0.002609502626641175,0.6027466833537524,6822833,4,1026,0,0.0,0,0,0.0,stream: words=524288 passes=2 checksum=8dd97a8432780000
l1dassoc_16way_stride,l1dassoc,16way,stride,0,8766024,26570117,3.0310340240911957,0.3299204139748425,13.285,4.44,1863851,4168,0.00223623025660313,4168,152.47024952,2.0,2.340958585208453,0.47547211826022834,3144,3131,11098754,112,1e-05,4280,4264,0.9962616822429906,148.15361163199998,0.4864234914255311,0,0,4264,0,272896,46.62196,1863919,142,7.618356806277526e-05,0.016198906140343673,11098754,4,66,0,0.0,0,0,0.0,stride: stride=32768 lines=8 iters=200000 checksum=1605600000
l1dassoc_1way_chase,l1dassoc,1way,chase,0,3160920,25343583,8.017786910140085,0.12472269607655713,12.671999999999999,2.95,632806,518458,0.819300069847631,518458,31.590732518,2.0,27.88228935853523,164.0212343241841,517434,517421,4359367,114,2.6e-05,518572,17578,0.033896932344978134,186.74519285399998,5.561039191121572,0,0,17578,0,1124992,84.5223,633085,393614,0.6217395768340744,124.52513825088899,4359367,4,275,0,0.0,0,0,0.0,chase: footprint_kib=1024 nodes=16384 hops=500000 final=9930
l1dassoc_1way_matmul,l1dassoc,1way,matmul,0,6862544,24728133,3.6033478255294247,0.2775196979084511,12.364,4.01,1881623,122554,0.06513206949532398,122554,29.766135744,2.0,3.938730021885455,17.858391873334437,121530,121516,8772200,117,1.3e-05,122671,3632,0.02960764972976498,151.08920704800002,0.5292497942453994,0,0,3632,0,232448,49.53704,1881687,120,6.37725615365361e-05,0.017486226682116718,8772200,5,58,0,0.0,0,0,0.0,matmul: n=96 block=0 checksum=219826053362
l1dassoc_1way_stream,l1dassoc,1way,stream,0,6820444,47146867,6.912580324682675,0.14466378009804978,23.573,3.94,1574368,196674,0.12492250858757292,196674,156.243529902,2.0,21.5183337059353,28.835952615401578,195650,65556,6822833,112,1.6e-05,196786,196786,1.0,151.24095718200002,28.852373833726954,0,0,196786,65556,16789888,49.73364,1575396,4111,0.002609502626641175,0.6027466833537524,6822833,4,1026,0,0.0,0,0,0.0,stream: words=524288 passes=2 checksum=8dd97a8432780000
l1dassoc_1way_stride,l1dassoc,1way,stride,0,8766024,64970069,7.411577814525719,0.13492403709775957,32.485,6.77,1863851,1604169,0.86067448524587,1604169,26.32858134,2.0,24.660338192058518,182.99847228344345,1603145,1603132,11098754,112,1e-05,1604281,4264,0.0026578884871166584,148.136726078,0.4864234914255311,0,0,4264,0,272896,46.60518,1863919,142,7.618356806277526e-05,0.016198906140343673,11098754,4,66,0,0.0,0,0,0.0,stride: stride=32768 lines=8 iters=200000 checksum=1605600000
l1dassoc_2way_chase,l1dassoc,2way,chase,0,3160920,25343157,8.017652139250599,0.12472479257418481,12.671999999999999,2.92,632806,518448,0.8192842672161769,518448,31.590705336,2.0,27.88176787204693,164.01807068828063,517424,517411,4359367,114,2.6e-05,518562,17578,0.033897586016715456,186.73665946,5.561039191121572,0,0,17578,0,1124992,84.51386,633085,393614,0.6217395768340744,124.52513825088899,4359367,4,275,0,0.0,0,0,0.0,chase: footprint_kib=1024 nodes=16384 hops=500000 final=9930
l1dassoc_2way_matmul,l1dassoc,2way,matmul,0,6862544,24657977,3.5931247945368363,0.2783092870919622,12.328999999999999,3.97,1881623,119767,0.06365090137609924,119767,29.821912546,2.0,3.8981916143121027,17.452274258642277,118743,118729,8772200,117,1.3e-05,119884,3632,0.030295952754329183,151.107929516,0.5292497942453994,0,0,3632,0,232448,49.555339999999994,1881687,120,6.37725615365361e-05,0.017486226682116718,8772200,5,58,0,0.0,0,0,0.0,matmul: n=96 block=0 checksum=219826053362
l1dassoc_2way_stream,l1dassoc,2way,stream,0,6820444,47146867,6.912580324682675,0.14466378009804978,23.573,4.01,1574368,196674,0.12492250858757292,196674,156.243529902,2.0,21.5183337059353,28.835952615401578,195650,65556,6822833,112,1.6e-05,196786,196786,1.0,151.24095718200002,28.852373833726954,0,0,196786,65556,16789888,49.73364,1575396,4111,0.002609502626641175,0.6027466833537524,6822833,4,1026,0,0.0,0,0,0.0,stream: words=524288 passes=2 checksum=8dd97a8432780000
l1dassoc_2way_stride,l1dassoc,2way,stride,0,8766024,64970069,7.411577814525719,0.13492403709775957,32.485,6.82,1863851,1604169,0.86067448524587,1604169,26.32858134,2.0,24.660338192058518,182.99847228344345,1603145,1603132,11098754,112,1e-05,1604281,4264,0.0026578884871166584,148.136726078,0.4864234914255311,0,0,4264,0,272896,46.60518,1863919,142,7.618356806277526e-05,0.016198906140343673,11098754,4,66,0,0.0,0,0,0.0,stride: stride=32768 lines=8 iters=200000 checksum=1605600000
l1dassoc_4way_chase,l1dassoc,4way,chase,0,3160920,25343157,8.017652139250599,0.12472479257418481,12.671999999999999,3.0,632806,518437,0.8192668843215772,518437,31.591333180000003,2.0,27.881733105943468,164.0145906887868,517413,517400,4359367,114,2.6e-05,518551,17578,0.03389830508474576,186.751678234,5.561039191121572,0,0,17578,0,1124992,84.52884,633085,393614,0.6217395768340744,124.52513825088899,4359367,4,275,0,0.0,0,0,0.0,chase: footprint_kib=1024 nodes=16384 hops=500000 final=9930
l1dassoc_4way_matmul,l1dassoc,4way,matmul,0,6862544,24460993,3.5644205705639194,0.2805505074957505,12.23,4.03,1881623,111589,0.05930465348265832,111589,30.097079462,2.0,3.7848968683339423,16.26058791025602,110565,110551,8772200,117,1.3e-05,111706,3632,0.03251392046980467,151.063325992,0.5292497942453994,0,0,3632,0,232448,49.511019999999995,1881687,120,6.37725615365361e-05,0.017486226682116718,8772200,5,58,0,0.0,0,0,0.0,matmul: n=96 block=0 checksum=219826053362
l1dassoc_4way_stream,l1dassoc,4way,stream,0,6820444,47146867,6.912580324682675,0.14466378009804978,23.573,4.05,1574368,196674,0.12492250858757292,196674,156.243529902,2.0,21.5183337059353,28.835952615401578,195650,65556,6822833,112,1.6e-05,196786,196786,1.0,151.24095718200002,28.852373833726954,0,0,196786,65556,16789888,49.73364,1575396,4111,0.002609502626641175,0.6027466833537524,6822833,4,1026,0,0.0,0,0,0.0,stream: words=524288 passes=2 checksum=8dd97a8432780000
l1dassoc_4way_stride,l1dassoc,4way,stride,0,8766024,64970069,7.411577814525719,0.13492403709775957,32.485,6.84,1863851,1604169,0.86067448524587,1604169,26.32858134,2.0,24.660338192058518,182.99847228344345,1603145,1603132,11098754,112,1e-05,1604281,4264,0.0026578884871166584,148.136726078,0.4864234914255311,0,0,4264,0,272896,46.60518,1863919,142,7.618356806277526e-05,0.016198906140343673,11098754,4,66,0,0.0,0,0,0.0,stride: stride=32768 lines=8 iters=200000 checksum=1605600000
l1dassoc_8way_chase,l1dassoc,8way,chase,0,3160920,25343157,8.017652139250599,0.12472479257418481,12.671999999999999,2.93,632806,518438,0.8192684645847227,518438,31.591276102,2.0,27.88173626635758,164.01490705237717,517414,517401,4359367,114,2.6e-05,518552,17578,0.0338982397136642,186.75031289199998,5.561039191121572,0,0,17578,0,1124992,84.52748,633085,393614,0.6217395768340744,124.52513825088899,4359367,4,275,0,0.0,0,0,0.0,chase: footprint_kib=1024 nodes=16384 hops=500000 final=9930
l1dassoc_8way_matmul,l1dassoc,8way,matmul,0,6862544,24461481,3.564491681219093,0.2805449105882019,12.231,4.04,1881623,111611,0.059316345516609865,111611,30.099622798,2.0,3.7853996258057956,16.263793718481075,110587,110573,8772200,117,1.3e-05,111728,3632,0.0325075182586281,151.052312776,0.5292497942453994,0,0,3632,0,232448,49.5,1881687,120,6.37725615365361e-05,0.017486226682116718,8772200,5,58,0,0.0,0,0,0.0,matmul: n=96 block=0 checksum=219826053362
l1dassoc_8way_stream,l1dassoc,8way,stream,0,6820444,47146867,6.912580324682675,0.14466378009804978,23.573,4.03,1574368,196674,0.12492250858757292,196674,156.243529902,2.0,21.5183337059353,28.835952615401578,195650,65556,6822833,112,1.6e-05,196786,196786,1.0,151.24095718200002,28.852373833726954,0,0,196786,65556,16789888,49.73364,1575396,4111,0.002609502626641175,0.6027466833537524,6822833,4,1026,0,0.0,0,0,0.0,stream: words=524288 passes=2 checksum=8dd97a8432780000
l1dassoc_8way_stride,l1dassoc,8way,stride,0,8766024,26570117,3.0310340240911957,0.3299204139748425,13.285,4.38,1863851,4169,0.002236766780177171,4169,152.439913648,2.0,2.340972534820923,0.4755861950640336,3145,3132,11098754,112,1e-05,4281,4264,0.9960289651950479,148.147983114,0.4864234914255311,0,0,4264,0,272896,46.61632,1863919,142,7.618356806277526e-05,0.016198906140343673,11098754,4,66,0,0.0,0,0,0.0,stride: stride=32768 lines=8 iters=200000 checksum=1605600000
l1dsize_128KiB_chase,l1dsize,128KiB,chase,0,3160920,25343157,8.017652139250599,0.12472479257418481,12.671999999999999,2.94,632806,518368,0.8191578461645433,518368,31.595272084,2.0,27.881515029312165,163.99276160105285,516320,516307,4359367,114,2.6e-05,518482,17578,0.03390281629834787,186.84588690400003,5.561039191121572,0,0,17578,0,1124992,84.62228,633085,393614,0.6217395768340744,124.52513825088899,4359367,4,275,0,0.0,0,0,0.0,chase: footprint_kib=1024 nodes=16384 hops=500000 final=9930
l1dsize_128KiB_matmul,l1dsize,128KiB,matmul,0,6862544,22446683,3.2708982266634647,0.3057264184645901,11.223,3.73,1881623,27646,0.014692635028377098,27646,42.546806048,2.0,2.6251246928864114,4.0285351904483235,25598,25584,8772200,117,1.3e-05,27763,3632,0.1308215970896517,151.105726872,0.5292497942453994,0,0,3632,0,232448,49.55286,1881687,120,6.37725615365361e-05,0.017486226682116718,8772200,5,58,0,0.0,0,0,0.0,matmul: n=96 block=0 checksum=219826053362
l1dsize_128KiB_matmulb,l1dsize,128KiB,matmulb,0,9102071,27043791,2.9711689790158746,0.3365678650600428,13.521999999999998,4.37,1995850,9404,0.004711776937144575,9404,74.645151,2.0,2.3517113009514743,1.0331714617475518,7356,7342,11175021,120,1.1e-05,9524,3633,0.38145737085258297,151.210019268,0.39913993200009096,0,0,3633,0,232512,49.65744,1995914,120,6.012283094361781e-05,0.013183812782827117,11175021,5,58,0,0.0,0,0,0.0,matmul: n=96 block=16 checksum=219826053362
l1dsize_128KiB_stream,l1dsize,128KiB,stream,0,6820444,47146867,6.912580324682675,0.14466378009804978,23.573,3.86,1574368,196674,0.12492250858757292,196674,156.243529902,2.0,21.5183337059353,28.835952615401578,194626,65556,6822833,112,1.6e-05,196786,196786,1.0,151.24095718200002,28.852373833726954,0,0,196786,65556,16789888,49.73364,1575396,4111,0.002609502626641175,0.6027466833537524,6822833,4,1026,0,0.0,0,0,0.0,stream: words=524288 passes=2 checksum=8dd97a8432780000
l1dsize_128KiB_stride,l1dsize,128KiB,stride,0,8766024,64970069,7.411577814525719,0.13492403709775957,32.485,6.32,1863851,1604169,0.86067448524587,1604169,26.32858134,2.0,24.660338192058518,182.99847228344345,1602121,1602108,11098754,112,1e-05,1604281,4264,0.0026578884871166584,148.136726078,0.4864234914255311,0,0,4264,0,272896,46.60518,1863919,142,7.618356806277526e-05,0.016198906140343673,11098754,4,66,0,0.0,0,0,0.0,stride: stride=32768 lines=8 iters=200000 checksum=1605600000
l1dsize_16KiB_chase,l1dsize,16KiB,chase,0,3160920,25523443,8.074688065499918,0.12384379333148744,12.762,2.73,632806,525986,0.831196290806345,525986,31.50900214,2.0,28.19016570577719,166.4028194323172,525730,525717,4359367,114,2.6e-05,526100,17578,0.0334118988785402,186.701046762,5.561039191121572,0,0,17578,0,1124992,84.479,633085,393614,0.6217395768340744,124.52513825088899,4359367,4,275,0,0.0,0,0,0.0,chase: footprint_kib=1024 nodes=16384 hops=500000 final=9930
l1dsize_16KiB_matmul,l1dsize,16KiB,matmul,0,6862544,42256967,6.157624198839381,0.16240029721016183,21.128,4.89,1881623,853081,0.45337509160974326,853081,26.5365739,2.0,14.031021622921223,124.30973120172344,852825,852811,8772200,117,1.3e-05,853198,3632,0.004256925121718522,150.957048458,0.5292497942453994,0,0,3632,0,232448,49.40446,1881687,120,6.37725615365361e-05,0.017486226682116718,8772200,5,58,0,0.0,0,0,0.0,matmul: n=96 block=0 checksum=219826053362
l1dsize_16KiB_matmulb,l1dsize,16KiB,matmulb,0,9102071,27561889,3.0280898709755175,0.33024118920150936,13.781,4.55,1995850,30997,0.01553072625698324,30997,40.765332128000004,2.0,2.633115214054972,3.4054887069107678,30741,30727,11175021,120,1.1e-05,31117,3633,0.11675290034386349,151.0776218,0.39913993200009096,0,0,3633,0,232512,49.525040000000004,1995914,120,6.012283094361781e-05,0.013183812782827117,11175021,5,58,0,0.0,0,0,0.0,matmul: n=96 block=16 checksum=219826053362
l1dsize_16KiB_stream,l1dsize,16KiB,stream,0,6820444,47146915,6.912587362347671,0.1446636328166965,23.573,3.79,1574368,196679,0.1249256844651314,196679,156.240218834,2.0,21.518416278819362,28.83668570550539,196423,65562,6822833,112,1.6e-05,196791,196786,0.999974592333999,151.24058622,28.852373833726954,0,0,196786,65556,16789888,49.73328,1575396,4111,0.002609502626641175,0.6027466833537524,6822833,4,1026,0,0.0,0,0,0.0,stream: words=524288 passes=2 checksum=8dd97a8432780000
l1dsize_16KiB_stride,l1dsize,16KiB,stride,0,8766024,64970069,7.411577814525719,0.13492403709775957,32.485,6.57,1863851,1604170,0.860675021769444,1604170,26.328581136,2.0,24.660352142385374,182.99858636024726,1603914,1603901,11098754,112,1e-05,1604282,4264,0.0026578868303702217,148.13109756,0.4864234914255311,0,0,4264,0,272896,46.59956,1863919,142,7.618356806277526e-05,0.016198906140343673,11098754,4,66,0,0.0,0,0,0.0,stride: stride=32768 lines=8 iters=200000 checksum=1605600000
l1dsize_256KiB_chase,l1dsize,256KiB,chase,0,3160920,25339393,8.01646134669653,0.1247433196209554,12.67,2.84,632806,518269,0.8190014001131468,518269,31.59343121,2.0,27.87506439536839,163.96144160560848,514173,514160,4359367,114,2.6e-05,518383,17578,0.03390929100684243,186.766924564,5.561039191121572,0,0,17578,0,1124992,84.54488,633085,393614,0.6217395768340744,124.52513825088899,4359367,4,275,0,0.0,0,0,0.0,chase: footprint_kib=1024 nodes=16384 hops=500000 final=9930
l1dsize_256KiB_matmul,l1dsize,256KiB,matmul,0,6862544,21867631,3.186519605557356,0.313822013916368,10.934,3.63,1881623,3521,0.0018712568883352298,3521,155.87361545000002,2.0,2.2916795766205293,0.5130750345644414,34,26,8772200,117,1.3e-05,3638,3632,0.9983507421660253,151.13821586,0.5292497942453994,0,0,3632,0,232448,49.58632,1881687,120,6.37725615365361e-05,0.017486226682116718,8772200,5,58,0,0.0,0,0,0.0,matmul: n=96 block=0 checksum=219826053362
l1dsize_256KiB_matmulb,l1dsize,256KiB,matmulb,0,9102071,26901747,2.955563299824842,0.33834497811610525,13.450999999999999,4.2,1995850,3519,0.001763158553999549,3519,155.88036374,2.0,2.274841796728742,0.3866153098564052,34,26,11175021,120,1.1e-05,3639,3633,0.998351195383347,151.101844206,0.39913993200009096,0,0,3633,0,232512,49.54954,1995914,120,6.012283094361781e-05,0.013183812782827117,11175021,5,58,0,0.0,0,0,0.0,matmul: n=96 block=16 checksum=219826053362
l1dsize_256KiB_stream,l1dsize,256KiB,stream,0,6820444,47146867,6.912580324682675,0.14466378009804978,23.573,3.85,1574368,196674,0.12492250858757292,196674,156.243529902,2.0,21.5183337059353,28.835952615401578,192578,65556,6822833,112,1.6e-05,196786,196786,1.0,151.24095718200002,28.852373833726954,0,0,196786,65556,16789888,49.73364,1575396,4111,0.002609502626641175,0.6027466833537524,6822833,4,1026,0,0.0,0,0,0.0,stream: words=524288 passes=2 checksum=8dd97a8432780000
l1dsize_256KiB_stride,l1dsize,256KiB,stride,0,8766024,26569959,3.0310159999561943,0.329922375868175,13.285,4.22,1863851,4161,0.0022324745915848422,4161,152.79307858599998,2.0,2.341106665713271,0.4746735806335917,65,52,11098754,112,1e-05,4273,4264,0.9978937514626726,148.155956848,0.4864234914255311,0,0,4264,0,272896,46.624300000000005,1863919,142,7.618356806277526e-05,0.016198906140343673,11098754,4,66,0,0.0,0,0,0.0,stride: stride=32768 lines=8 iters=200000 checksum=1605600000
l1dsize_32KiB_chase,l1dsize,32KiB,chase,0,3160920,25423923,8.043203560988573,0.12432857037837945,12.712,2.83,632806,521798,0.8245781487533304,521798,31.555211019999998,2.0,28.019737486392287,165.07788871594346,521286,521273,4359367,114,2.6e-05,521912,17578,0.03368000735756219,186.757480942,5.561039191121572,0,0,17578,0,1124992,84.5355,633085,393614,0.6217395768340744,124.52513825088899,4359367,4,275,0,0.0,0,0,0.0,chase: footprint_kib=1024 nodes=16384 hops=500000 final=9930
l1dsize_32KiB_matmul,l1dsize,32KiB,matmul,0,6862544,40203139,5.858343349055394,0.17069672096997202,20.101999999999997,4.76,1881623,767494,0.40788935934562875,767494,26.59619098,2.0,12.84830329986619,111.83811717637074,766982,766968,8772200,117,1.3e-05,767611,3632,0.004731563252741298,151.07488986799999,0.5292497942453994,0,0,3632,0,232448,49.52244,1881687,120,6.37725615365361e-05,0.017486226682116718,8772200,5,58,0,0.0,0,0,0.0,matmul: n=96 block=0 checksum=219826053362
l1dsize_32KiB_matmulb,l1dsize,32KiB,matmulb,0,9102071,27296659,2.998950348772274,0.33345000206801867,13.648,4.36,1995850,19966,0.010003757797429666,19966,48.901983372000004,2.0,2.489203597467421,2.1935667168493853,19454,19440,11175021,120,1.1e-05,20086,3633,0.18087224932789006,151.059454996,0.39913993200009096,0,0,3633,0,232512,49.50674,1995914,120,6.012283094361781e-05,0.013183812782827117,11175021,5,58,0,0.0,0,0,0.0,matmul: n=96 block=16 checksum=219826053362
l1dsize_32KiB_stream,l1dsize,32KiB,stream,0,6820444,47146867,6.912580324682675,0.14466378009804978,23.573,3.72,1574368,196674,0.12492250858757292,196674,156.243529902,2.0,21.5183337059353,28.835952615401578,196162,65556,6822833,112,1.6e-05,196786,196786,1.0,151.24095718200002,28.852373833726954,0,0,196786,65556,16789888,49.73364,1575396,4111,0.002609502626641175,0.6027466833537524,6822833,4,1026,0,0.0,0,0,0.0,stream: words=524288 passes=2 checksum=8dd97a8432780000
l1dsize_32KiB_stride,l1dsize,32KiB,stride,0,8766024,64970069,7.411577814525719,0.13492403709775957,32.485,6.69,1863851,1604169,0.86067448524587,1604169,26.32858134,2.0,24.660338192058518,182.99847228344345,1603657,1603644,11098754,112,1e-05,1604281,4264,0.0026578884871166584,148.136726078,0.4864234914255311,0,0,4264,0,272896,46.60518,1863919,142,7.618356806277526e-05,0.016198906140343673,11098754,4,66,0,0.0,0,0,0.0,stride: stride=32768 lines=8 iters=200000 checksum=1605600000
l1dsize_64KiB_chase,l1dsize,64KiB,chase,0,3160920,25343157,8.017652139250599,0.12472479257418481,12.671999999999999,2.88,632806,518448,0.8192842672161769,518448,31.590705336,2.0,27.88176787204693,164.01807068828063,517424,517411,4359367,114,2.6e-05,518562,17578,0.033897586016715456,186.73665946,5.561039191121572,0,0,17578,0,1124992,84.51386,633085,393614,0.6217395768340744,124.52513825088899,4359367,4,275,0,0.0,0,0,0.0,chase: footprint_kib=1024 nodes=16384 hops=500000 final=9930
l1dsize_64KiB_matmul,l1dsize,64KiB,matmul,0,6862544,24657977,3.5931247945368363,0.2783092870919622,12.328999999999999,3.88,1881623,119767,0.06365090137609924,119767,29.821912546,2.0,3.8981916143121027,17.452274258642277,118743,118729,8772200,117,1.3e-05,119884,3632,0.030295952754329183,151.107929516,0.5292497942453994,0,0,3632,0,232448,49.555339999999994,1881687,120,6.37725615365361e-05,0.017486226682116718,8772200,5,58,0,0.0,0,0,0.0,matmul: n=96 block=0 checksum=219826053362
l1dsize_64KiB_matmulb,l1dsize,64KiB,matmulb,0,9102071,27171349,2.9851831522738066,0.3349878211788454,13.586,4.62,1995850,14758,0.007394343262269208,14758,56.99085242,2.0,2.4214099256028057,1.6213892420746883,13734,13720,11175021,120,1.1e-05,14878,3633,0.2441860465116279,150.951555188,0.39913993200009096,0,0,3633,0,232512,49.39884,1995914,120,6.012283094361781e-05,0.013183812782827117,11175021,5,58,0,0.0,0,0,0.0,matmul: n=96 block=16 checksum=219826053362
l1dsize_64KiB_stream,l1dsize,64KiB,stream,0,6820444,47146867,6.912580324682675,0.14466378009804978,23.573,3.92,1574368,196674,0.12492250858757292,196674,156.243529902,2.0,21.5183337059353,28.835952615401578,195650,65556,6822833,112,1.6e-05,196786,196786,1.0,151.24095718200002,28.852373833726954,0,0,196786,65556,16789888,49.73364,1575396,4111,0.002609502626641175,0.6027466833537524,6822833,4,1026,0,0.0,0,0,0.0,stream: words=524288 passes=2 checksum=8dd97a8432780000
l1dsize_64KiB_stride,l1dsize,64KiB,stride,0,8766024,64970069,7.411577814525719,0.13492403709775957,32.485,6.53,1863851,1604169,0.86067448524587,1604169,26.32858134,2.0,24.660338192058518,182.99847228344345,1603145,1603132,11098754,112,1e-05,1604281,4264,0.0026578884871166584,148.136726078,0.4864234914255311,0,0,4264,0,272896,46.60518,1863919,142,7.618356806277526e-05,0.016198906140343673,11098754,4,66,0,0.0,0,0,0.0,stride: stride=32768 lines=8 iters=200000 checksum=1605600000
l1dsize_8KiB_chase,l1dsize,8KiB,chase,0,3160920,25607889,8.10140370525037,0.12343539914594288,12.804,2.7,632806,529474,0.8367082486575664,529474,31.474486000000002,2.0,28.334962058457094,167.5062956354479,529346,529333,4359367,114,2.6e-05,529588,17578,0.03319183969425289,186.738707476,5.561039191121572,0,0,17578,0,1124992,84.51616,633085,393614,0.6217395768340744,124.52513825088899,4359367,4,275,0,0.0,0,0,0.0,chase: footprint_kib=1024 nodes=16384 hops=500000 final=9930
l1dsize_8KiB_matmul,l1dsize,8KiB,matmul,0,6862544,44128521,6.430344344604566,0.15551266719317422,22.064,5.02,1881623,931031,0.4948020937244071,931031,26.491984692000003,2.0,15.108289492516542,135.66849261731508,930903,930889,8772200,117,1.3e-05,931148,3632,0.003900561457469704,151.078744494,0.5292497942453994,0,0,3632,0,232448,49.526300000000006,1881687,120,6.37725615365361e-05,0.017486226682116718,8772200,5,58,0,0.0,0,0,0.0,matmul: n=96 block=0 checksum=219826053362
l1dsize_8KiB_matmulb,l1dsize,8KiB,matmulb,0,9102071,28574821,3.1393757530566395,0.31853466378669526,14.286999999999999,4.46,1995850,73127,0.03663952701856352,73127,32.290111724,2.0,3.1830944209439327,8.03410564474832,72999,72985,11175021,120,1.1e-05,73247,3633,0.04959930099526261,151.087530966,0.39913993200009096,0,0,3633,0,232512,49.53496,1995914,120,6.012283094361781e-05,0.013183812782827117,11175021,5,58,0,0.0,0,0,0.0,matmul: n=96 block=16 checksum=219826053362
l1dsize_8KiB_stream,l1dsize,8KiB,stream,0,6820444,47146915,6.912587362347671,0.1446636328166965,23.573,3.78,1574368,196679,0.1249256844651314,196679,156.240218834,2.0,21.518416278819362,28.83668570550539,196551,65562,6822833,112,1.6e-05,196791,196786,0.999974592333999,151.24058622,28.852373833726954,0,0,196786,65556,16789888,49.73328,1575396,4111,0.002609502626641175,0.6027466833537524,6822833,4,1026,0,0.0,0,0,0.0,stream: words=524288 passes=2 checksum=8dd97a8432780000
l1dsize_8KiB_stride,l1dsize,8KiB,stride,0,8766024,64970069,7.411577814525719,0.13492403709775957,32.485,6.78,1863851,1604170,0.860675021769444,1604170,26.328581136,2.0,24.660352142385374,182.99858636024726,1604042,1604029,11098754,112,1e-05,1604282,4264,0.0026578868303702217,148.13109756,0.4864234914255311,0,0,4264,0,272896,46.59956,1863919,142,7.618356806277526e-05,0.016198906140343673,11098754,4,66,0,0.0,0,0,0.0,stride: stride=32768 lines=8 iters=200000 checksum=1605600000
l1lat_128KiB-3c_chase,l1lat,128KiB-3c,chase,0,3160920,30866879,9.76515666324994,0.1024049111022854,15.433,3.14,632806,518368,0.8191578461645433,518368,33.62073662,3.0,30.540690196104592,163.99276160105285,516320,516307,4359367,114,2.6e-05,518482,17578,0.03390281629834787,187.58954374799998,5.561039191121572,0,0,17578,0,1124992,84.4486,633085,393614,0.6217395768340744,124.52513825088899,4359367,4,275,0,0.0,0,0,0.0,chase: footprint_kib=1024 nodes=16384 hops=500000 final=9930
l1lat_128KiB-3c_matmul,l1lat,128KiB-3c,matmul,0,6862544,33155161,4.83132217440063,0.20698267759882089,16.578,3.78,1881623,27646,0.014692635028377098,27646,45.517941112,3.0,3.668778496001777,4.0285351904483235,25598,25584,8772200,117,1.3e-05,27763,3632,0.1308215970896517,158.55534140999998,0.5292497942453994,0,0,3632,0,232448,56.054919999999996,1881687,120,6.37725615365361e-05,0.017486226682116718,8772200,5,58,0,0.0,0,0,0.0,matmul: n=96 block=0 checksum=219826053362
l1lat_128KiB-3c_matmulb,l1lat,128KiB-3c,matmulb,0,9102071,40249963,4.422066472564321,0.22613861781686606,20.125,4.76,1995850,9404,0.004711776937144575,9404,79.429604424,3.0,3.37425457825152,1.0331714617475518,7356,7342,11175021,120,1.1e-05,9524,3633,0.38145737085258297,158.38095238,0.39913993200009096,0,0,3633,0,232512,55.8804,1995914,120,6.012283094361781e-05,0.013183812782827117,11175021,5,58,0,0.0,0,0,0.0,matmul: n=96 block=16 checksum=219826053362
l1lat_128KiB-3c_stream,l1lat,128KiB-3c,stream,0,6820444,56279165,8.251539782454046,0.12118950236735034,28.139999999999997,4.13,1574368,196674,0.12492250858757292,196674,160.97845165,3.0,23.109832008661318,28.835952615401578,194626,65556,6822833,112,1.6e-05,196786,196786,1.0,153.97646174,28.852373833726954,0,0,196786,65556,16789888,51.460860000000004,1575396,4111,0.002609502626641175,0.6027466833537524,6822833,4,1026,0,0.0,0,0,0.0,stream: words=524288 passes=2 checksum=8dd97a8432780000
l1lat_128KiB-4c_chase,l1lat,128KiB-4c,chase,0,3160920,36356455,11.501858636093289,0.08694247005105421,18.178,3.1,632806,518368,0.8191578461645433,518368,35.580417772000004,4.0,33.14597838774616,163.99276160105285,516320,516307,4359367,114,2.6e-05,518482,17578,0.03390281629834787,186.39048811,5.561039191121572,0,0,17578,0,1124992,84.18611999999999,633085,393614,0.6217395768340744,124.52513825088899,4359367,4,275,0,0.0,0,0,0.0,chase: footprint_kib=1024 nodes=16384 hops=500000 final=9930
l1lat_128KiB-4c_matmul,l1lat,128KiB-4c,matmul,0,6862544,43795189,6.381771687001206,0.15669629830801735,21.898,3.88,1881623,27646,0.014692635028377098,27646,46.032879982,4.0,4.676344304880612,4.0285351904483235,25598,25584,8772200,117,1.3e-05,27763,3632,0.1308215970896517,147.11178414,0.5292497942453994,0,0,3632,0,232448,45.5614,1881687,120,6.37725615365361e-05,0.017486226682116718,8772200,5,58,0,0.0,0,0,0.0,matmul: n=96 block=0 checksum=219826053362
l1lat_128KiB-4c_matmulb,l1lat,128KiB-4c,matmulb,0,9102071,53389697,5.865664748165555,0.1704836609205705,26.695,4.6,1995850,9404,0.004711776937144575,9404,77.050510422,4.0,4.3630448180015975,1.0331714617475518,7356,7342,11175021,120,1.1e-05,9524,3633,0.38145737085258297,147.224057252,0.39913993200009096,0,0,3633,0,232512,45.67342,1995914,120,6.012283094361781e-05,0.013183812782827117,11175021,5,58,0,0.0,0,0,0.0,matmul: n=96 block=16 checksum=219826053362
l1lat_128KiB-4c_stream,l1lat,128KiB-4c,stream,0,6820444,64442567,9.448441626380921,0.10583755920213421,32.221,4.09,1574368,196674,0.12492250858757292,196674,160.78623509,4.0,24.085819833794044,28.835952615401578,194626,65556,6822833,112,1.6e-05,196786,196786,1.0,151.78836400999998,28.852373833726954,0,0,196786,65556,16789888,50.27882,1575396,4111,0.002609502626641175,0.6027466833537524,6822833,4,1026,0,0.0,0,0,0.0,stream: words=524288 passes=2 checksum=8dd97a8432780000
l1lat_256KiB-4c_chase,l1lat,256KiB-4c,chase,0,3160920,36355733,11.501630221581058,0.08694419666906454,18.178,3.22,632806,518269,0.8190014001131468,518269,35.584466754,4.0,33.14372809380572,163.96144160560848,514173,514160,4359367,114,2.6e-05,518383,17578,0.03390929100684243,186.49584708199998,5.561039191121572,0,0,17578,0,1124992,84.29074,633085,393614,0.6217395768340744,124.52513825088899,4359367,4,275,0,0.0,0,0,0.0,chase: footprint_kib=1024 nodes=16384 hops=500000 final=9930
l1lat_256KiB-4c_matmul,l1lat,256KiB-4c,matmul,0,6862544,43168365,6.290431799052946,0.1589715987621954,21.584,3.88,1881623,3521,0.0018712568883352298,3521,155.766259586,4.0,4.291478686220516,0.5130750345644414,34,26,8772200,117,1.3e-05,3638,3632,0.9983507421660253,147.22907489,0.5292497942453994,0,0,3632,0,232448,45.67828,1881687,120,6.37725615365361e-05,0.017486226682116718,8772200,5,58,0,0.0,0,0,0.0,matmul: n=96 block=0 checksum=219826053362
l1lat_256KiB-4c_matmulb,l1lat,256KiB-4c,matmulb,0,9102071,53236525,5.848836490069128,0.17097417609432622,26.618,4.63,1995850,3519,0.001763158553999549,3519,155.822392726,4.0,4.274739584639524,0.3866153098564052,34,26,11175021,120,1.1e-05,3639,3633,0.998351195383347,147.179466006,0.39913993200009096,0,0,3633,0,232512,45.62854,1995914,120,6.012283094361781e-05,0.013183812782827117,11175021,5,58,0,0.0,0,0,0.0,matmul: n=96 block=16 checksum=219826053362
l1lat_256KiB-4c_stream,l1lat,256KiB-4c,stream,0,6820444,64442567,9.448441626380921,0.10583755920213421,32.221,3.96,1574368,196674,0.12492250858757292,196674,160.78623509,4.0,24.085819833794044,28.835952615401578,192578,65556,6822833,112,1.6e-05,196786,196786,1.0,151.78836400999998,28.852373833726954,0,0,196786,65556,16789888,50.27882,1575396,4111,0.002609502626641175,0.6027466833537524,6822833,4,1026,0,0.0,0,0,0.0,stream: words=524288 passes=2 checksum=8dd97a8432780000
l1lat_256KiB-5c_chase,l1lat,256KiB-5c,chase,0,3160920,41899051,13.255334206496842,0.07544132682145951,20.95,3.1,632806,518269,0.8190014001131468,518269,37.646874499999996,5.0,35.83284292538392,163.96144160560848,514173,514160,4359367,114,2.6e-05,518383,17578,0.03390929100684243,188.359767892,5.561039191121572,0,0,17578,0,1124992,85.2308,633085,393614,0.6217395768340744,124.52513825088899,4359367,4,275,0,0.0,0,0,0.0,chase: footprint_kib=1024 nodes=16384 hops=500000 final=9930
l1lat_256KiB-5c_matmul,l1lat,256KiB-5c,matmul,0,6862544,53874747,7.850550320697398,0.12737960514227567,26.936999999999998,3.77,1881623,3521,0.0018712568883352298,3521,171.814825334,5.0,5.321509675424362,0.5130750345644414,34,26,8772200,117,1.3e-05,3638,3632,0.9983507421660253,160.69713656399998,0.5292497942453994,0,0,3632,0,232448,58.17608,1881687,120,6.37725615365361e-05,0.017486226682116718,8772200,5,58,0,0.0,0,0,0.0,matmul: n=96 block=0 checksum=219826053362
l1lat_256KiB-5c_matmulb,l1lat,256KiB-5c,matmulb,0,9102071,66459541,7.301584551471858,0.1369565733233096,33.230000000000004,4.41,1995850,3519,0.001763158553999549,3519,171.700767264,5.0,5.3027356765298075,0.3866153098564052,34,26,11175021,120,1.1e-05,3639,3633,0.998351195383347,160.52986512599998,0.39913993200009096,0,0,3633,0,232512,58.0073,1995914,120,6.012283094361781e-05,0.013183812782827117,11175021,5,58,0,0.0,0,0,0.0,matmul: n=96 block=16 checksum=219826053362
l1lat_256KiB-5c_stream,l1lat,256KiB-5c,stream,0,6820444,73366517,10.756853512762513,0.0929639879183579,36.683,3.85,1574368,196674,0.12492250858757292,196674,164.466386,5.0,25.545553517452085,28.835952615401578,192578,65556,6822833,112,1.6e-05,196786,196786,1.0,153.465114388,28.852373833726954,0,0,196786,65556,16789888,50.938900000000004,1575396,4111,0.002609502626641175,0.6027466833537524,6822833,4,1026,0,0.0,0,0,0.0,stream: words=524288 passes=2 checksum=8dd97a8432780000
l1lat_32KiB-2c_chase,l1lat,32KiB-2c,chase,0,3160920,25423923,8.043203560988573,0.12432857037837945,12.712,3.02,632806,521798,0.8245781487533304,521798,31.555211019999998,2.0,28.019737486392287,165.07788871594346,521286,521273,4359367,114,2.6e-05,521912,17578,0.03368000735756219,186.757480942,5.561039191121572,0,0,17578,0,1124992,84.5355,633085,393614,0.6217395768340744,124.52513825088899,4359367,4,275,0,0.0,0,0,0.0,chase: footprint_kib=1024 nodes=16384 hops=500000 final=9930
l1lat_32KiB-2c_matmul,l1lat,32KiB-2c,matmul,0,6862544,40203139,5.858343349055394,0.17069672096997202,20.101999999999997,5.14,1881623,767494,0.40788935934562875,767494,26.59619098,2.0,12.84830329986619,111.83811717637074,766982,766968,8772200,117,1.3e-05,767611,3632,0.004731563252741298,151.07488986799999,0.5292497942453994,0,0,3632,0,232448,49.52244,1881687,120,6.37725615365361e-05,0.017486226682116718,8772200,5,58,0,0.0,0,0,0.0,matmul: n=96 block=0 checksum=219826053362
l1lat_32KiB-2c_matmulb,l1lat,32KiB-2c,matmulb,0,9102071,27296659,2.998950348772274,0.33345000206801867,13.648,4.67,1995850,19966,0.010003757797429666,19966,48.901983372000004,2.0,2.489203597467421,2.1935667168493853,19454,19440,11175021,120,1.1e-05,20086,3633,0.18087224932789006,151.059454996,0.39913993200009096,0,0,3633,0,232512,49.50674,1995914,120,6.012283094361781e-05,0.013183812782827117,11175021,5,58,0,0.0,0,0,0.0,matmul: n=96 block=16 checksum=219826053362
l1lat_32KiB-2c_stream,l1lat,32KiB-2c,stream,0,6820444,47146867,6.912580324682675,0.14466378009804978,23.573,4.06,1574368,196674,0.12492250858757292,196674,156.243529902,2.0,21.5183337059353,28.835952615401578,196162,65556,6822833,112,1.6e-05,196786,196786,1.0,151.24095718200002,28.852373833726954,0,0,196786,65556,16789888,49.73364,1575396,4111,0.002609502626641175,0.6027466833537524,6822833,4,1026,0,0.0,0,0,0.0,stream: words=524288 passes=2 checksum=8dd97a8432780000
l1lat_64KiB-2c_chase,l1lat,64KiB-2c,chase,0,3160920,25343157,8.017652139250599,0.12472479257418481,12.671999999999999,3.01,632806,518448,0.8192842672161769,518448,31.590705336,2.0,27.88176787204693,164.01807068828063,517424,517411,4359367,114,2.6e-05,518562,17578,0.033897586016715456,186.73665946,5.561039191121572,0,0,17578,0,1124992,84.51386,633085,393614,0.6217395768340744,124.52513825088899,4359367,4,275,0,0.0,0,0,0.0,chase: footprint_kib=1024 nodes=16384 hops=500000 final=9930
l1lat_64KiB-2c_matmul,l1lat,64KiB-2c,matmul,0,6862544,24657977,3.5931247945368363,0.2783092870919622,12.328999999999999,4.06,1881623,119767,0.06365090137609924,119767,29.821912546,2.0,3.8981916143121027,17.452274258642277,118743,118729,8772200,117,1.3e-05,119884,3632,0.030295952754329183,151.107929516,0.5292497942453994,0,0,3632,0,232448,49.555339999999994,1881687,120,6.37725615365361e-05,0.017486226682116718,8772200,5,58,0,0.0,0,0,0.0,matmul: n=96 block=0 checksum=219826053362
l1lat_64KiB-2c_matmulb,l1lat,64KiB-2c,matmulb,0,9102071,27171349,2.9851831522738066,0.3349878211788454,13.586,4.61,1995850,14758,0.007394343262269208,14758,56.99085242,2.0,2.4214099256028057,1.6213892420746883,13734,13720,11175021,120,1.1e-05,14878,3633,0.2441860465116279,150.951555188,0.39913993200009096,0,0,3633,0,232512,49.39884,1995914,120,6.012283094361781e-05,0.013183812782827117,11175021,5,58,0,0.0,0,0,0.0,matmul: n=96 block=16 checksum=219826053362
l1lat_64KiB-2c_stream,l1lat,64KiB-2c,stream,0,6820444,47146867,6.912580324682675,0.14466378009804978,23.573,4.08,1574368,196674,0.12492250858757292,196674,156.243529902,2.0,21.5183337059353,28.835952615401578,195650,65556,6822833,112,1.6e-05,196786,196786,1.0,151.24095718200002,28.852373833726954,0,0,196786,65556,16789888,49.73364,1575396,4111,0.002609502626641175,0.6027466833537524,6822833,4,1026,0,0.0,0,0,0.0,stream: words=524288 passes=2 checksum=8dd97a8432780000
l1lat_64KiB-3c_chase,l1lat,64KiB-3c,chase,0,3160920,30866879,9.76515666324994,0.1024049111022854,15.433,3.0,632806,518448,0.8192842672161769,518448,33.616011634,3.0,30.541069458292167,164.01807068828063,517424,517411,4359367,114,2.6e-05,518562,17578,0.033897586016715456,187.47576516,5.561039191121572,0,0,17578,0,1124992,84.3396,633085,393614,0.6217395768340744,124.52513825088899,4359367,4,275,0,0.0,0,0,0.0,chase: footprint_kib=1024 nodes=16384 hops=500000 final=9930
l1lat_64KiB-3c_matmul,l1lat,64KiB-3c,matmul,0,6862544,35457451,5.166808547967051,0.1935430722304319,17.729000000000003,4.08,1881623,119767,0.06365090137609924,119767,32.038240918,3.0,5.0392629129353255,17.452274258642277,118743,118729,8772200,117,1.3e-05,119884,3632,0.030295952754329183,158.35297356799998,0.5292497942453994,0,0,3632,0,232448,55.852,1881687,120,6.37725615365361e-05,0.017486226682116718,8772200,5,58,0,0.0,0,0,0.0,matmul: n=96 block=0 checksum=219826053362
l1lat_64KiB-3c_matmulb,l1lat,64KiB-3c,matmulb,0,9102071,40383753,4.436765325166108,0.22538942826834346,20.192,4.86,1995850,14758,0.007394343262269208,14758,60.766702806,3.0,3.4493298594638615,1.6213892420746883,13734,13720,11175021,120,1.1e-05,14878,3633,0.2441860465116279,158.36443710400002,0.39913993200009096,0,0,3633,0,232512,55.86374,1995914,120,6.012283094361781e-05,0.013183812782827117,11175021,5,58,0,0.0,0,0,0.0,matmul: n=96 block=16 checksum=219826053362
l1lat_64KiB-3c_stream,l1lat,64KiB-3c,stream,0,6820444,56279165,8.251539782454046,0.12118950236735034,28.139999999999997,3.95,1574368,196674,0.12492250858757292,196674,160.97845165,3.0,23.109832008661318,28.835952615401578,195650,65556,6822833,112,1.6e-05,196786,196786,1.0,153.97646174,28.852373833726954,0,0,196786,65556,16789888,51.460860000000004,1575396,4111,0.002609502626641175,0.6027466833537524,6822833,4,1026,0,0.0,0,0,0.0,stream: words=524288 passes=2 checksum=8dd97a8432780000
l2assoc_16way_chase4m,l2assoc,16way,chase4m,0,5126955,129008339,25.16276015685724,0.03974126819817438,64.504,5.86,1026016,603540,0.5882364407572591,603540,189.405219206,2.0,113.4150520065859,117.71899694848112,602516,102578,6916033,114,1.6e-05,603654,570729,0.9454571658599131,193.82549160800002,111.31929186037327,0,0,570729,69653,40984448,91.51910000000001,1027111,531919,0.5178787881738196,103.74949653351746,6916033,4,1091,0,0.0,0,0,0.0,chase: footprint_kib=4096 nodes=65536 hops=500000 final=60
l2assoc_16way_matmul,l2assoc,16way,matmul,0,6862544,24657977,3.5931247945368363,0.2783092870919622,12.328999999999999,3.89,1881623,119767,0.06365090137609924,119767,29.821912546,2.0,3.8981916143121027,17.452274258642277,118743,118729,8772200,117,1.3e-05,119884,3632,0.030295952754329183,151.107929516,0.5292497942453994,0,0,3632,0,232448,49.555339999999994,1881687,120,6.37725615365361e-05,0.017486226682116718,8772200,5,58,0,0.0,0,0,0.0,matmul: n=96 block=0 checksum=219826053362
l2assoc_1way_chase4m,l2assoc,1way,chase4m,0,5126955,128931873,25.14784565107359,0.03976483766740905,64.466,5.87,1026016,603540,0.5882364407572591,603540,189.279355138,2.0,113.34101417520634,117.71899694848112,602516,102560,6916033,114,1.6e-05,603654,570747,0.9454869842658211,193.686065804,111.32280271623215,0,0,570747,69580,40980928,91.40638,1027111,531919,0.5178787881738196,103.74949653351746,6916033,4,1091,0,0.0,0,0,0.0,chase: footprint_kib=4096 nodes=65536 hops=500000 final=60
l2assoc_1way_matmul,l2assoc,1way,matmul,0,6862544,24657977,3.5931247945368363,0.2783092870919622,12.328999999999999,3.9,1881623,119767,0.06365090137609924,119767,29.821912546,2.0,3.8981916143121027,17.452274258642277,118743,118729,8772200,117,1.3e-05,119884,3632,0.030295952754329183,151.107929516,0.5292497942453994,0,0,3632,0,232448,49.555339999999994,1881687,120,6.37725615365361e-05,0.017486226682116718,8772200,5,58,0,0.0,0,0,0.0,matmul: n=96 block=0 checksum=219826053362
l2assoc_2way_chase4m,l2assoc,2way,chase4m,0,5126955,129023911,25.16579743727027,0.039736471792426134,64.512,5.79,1026016,603540,0.5882364407572591,603540,189.431020314,2.0,113.4302291585234,117.71899694848112,602516,102264,6916033,114,1.6e-05,603654,571043,0.9459773313851975,193.757729278,111.38053679035608,0,0,571043,69653,41004544,91.46376,1027111,531919,0.5178787881738196,103.74949653351746,6916033,4,1091,0,0.0,0,0,0.0,chase: footprint_kib=4096 nodes=65536 hops=500000 final=60
l2assoc_2way_matmul,l2assoc,2way,matmul,0,6862544,24657977,3.5931247945368363,0.2783092870919622,12.328999999999999,3.89,1881623,119767,0.06365090137609924,119767,29.821912546,2.0,3.8981916143121027,17.452274258642277,118743,118729,8772200,117,1.3e-05,119884,3632,0.030295952754329183,151.107929516,0.5292497942453994,0,0,3632,0,232448,49.555339999999994,1881687,120,6.37725615365361e-05,0.017486226682116718,8772200,5,58,0,0.0,0,0,0.0,matmul: n=96 block=0 checksum=219826053362
l2assoc_4way_chase4m,l2assoc,4way,chase4m,0,5126955,129008339,25.16276015685724,0.03974126819817438,64.504,5.78,1026016,603540,0.5882364407572591,603540,189.405219206,2.0,113.4150520065859,117.71899694848112,602516,102447,6916033,114,1.6e-05,603654,570860,0.9456741775917993,193.785831902,111.34484308912405,0,0,570860,69653,40992832,91.48366,1027111,531919,0.5178787881738196,103.74949653351746,6916033,4,1091,0,0.0,0,0,0.0,chase: footprint_kib=4096 nodes=65536 hops=500000 final=60
l2assoc_4way_matmul,l2assoc,4way,matmul,0,6862544,24657977,3.5931247945368363,0.2783092870919622,12.328999999999999,3.82,1881623,119767,0.06365090137609924,119767,29.821912546,2.0,3.8981916143121027,17.452274258642277,118743,118729,8772200,117,1.3e-05,119884,3632,0.030295952754329183,151.107929516,0.5292497942453994,0,0,3632,0,232448,49.555339999999994,1881687,120,6.37725615365361e-05,0.017486226682116718,8772200,5,58,0,0.0,0,0,0.0,matmul: n=96 block=0 checksum=219826053362
l2assoc_8way_chase4m,l2assoc,8way,chase4m,0,5126955,128992765,25.15972248634911,0.03974606637821897,64.496,5.83,1026016,603540,0.5882364407572591,603540,189.3794181,2.0,113.39987485582486,117.71899694848112,602516,102568,6916033,114,1.6e-05,603654,570739,0.9454737316409731,193.795176078,111.32124233585043,0,0,570739,69653,40985088,91.49288,1027111,531919,0.5178787881738196,103.74949653351746,6916033,4,1091,0,0.0,0,0,0.0,chase: footprint_kib=4096 nodes=65536 hops=500000 final=60
l2assoc_8way_matmul,l2assoc,8way,matmul,0,6862544,24657977,3.5931247945368363,0.2783092870919622,12.328999999999999,3.96,1881623,119767,0.06365090137609924,119767,29.821912546,2.0,3.8981916143121027,17.452274258642277,118743,118729,8772200,117,1.3e-05,119884,3632,0.030295952754329183,151.107929516,0.5292497942453994,0,0,3632,0,232448,49.555339999999994,1881687,120,6.37725615365361e-05,0.017486226682116718,8772200,5,58,0,0.0,0,0,0.0,matmul: n=96 block=0 checksum=219826053362
l2size_1MiB_chase,l2size,1MiB,chase,0,3160920,28568535,9.038044303557193,0.11064340541088298,14.284,3.03,632806,518448,0.8192842672161769,518448,37.809087893999994,2.0,32.97639086934781,164.01807068828063,517424,437645,4359367,114,2.6e-05,518562,36715,0.07080156278323518,188.198610922,11.615289219594295,0,0,36715,3759,2590336,88.86306,633085,393614,0.6217395768340744,124.52513825088899,4359367,4,275,0,0.0,0,0,0.0,chase: footprint_kib=1024 nodes=16384 hops=500000 final=9930
l2size_1MiB_chase4m,l2size,1MiB,chase4m,0,5126955,129164063,25.193133741177757,0.03969335495431109,64.582,6.28,1026016,603540,0.5882364407572591,603540,189.66324021600002,2.0,113.5668293671489,117.71899694848112,602516,101594,6916033,114,1.6e-05,603654,571713,0.9470872387162182,193.800415594,111.51121864732575,0,0,571713,69653,41047424,91.49416000000001,1027111,531919,0.5178787881738196,103.74949653351746,6916033,4,1091,0,0.0,0,0,0.0,chase: footprint_kib=4096 nodes=65536 hops=500000 final=60
l2size_1MiB_matmul,l2size,1MiB,matmul,0,6862544,24657977,3.5931247945368363,0.2783092870919622,12.328999999999999,4.08,1881623,119767,0.06365090137609924,119767,29.821912546,2.0,3.8981916143121027,17.452274258642277,118743,118729,8772200,117,1.3e-05,119884,3632,0.030295952754329183,151.107929516,0.5292497942453994,0,0,3632,0,232448,49.555339999999994,1881687,120,6.37725615365361e-05,0.017486226682116718,8772200,5,58,0,0.0,0,0,0.0,matmul: n=96 block=0 checksum=219826053362
l2size_1MiB_stream,l2size,1MiB,stream,0,6820444,47107953,6.906874831022731,0.14478328107358007,23.554,4.06,1574368,196674,0.12492250858757292,196674,156.046269462,2.0,21.493691436925413,28.835952615401578,195650,65556,6822833,112,1.6e-05,196786,196786,1.0,151.04320937399999,28.852373833726954,0,0,196786,65556,16789888,49.52784,1575396,4111,0.002609502626641175,0.6027466833537524,6822833,4,1026,0,0.0,0,0,0.0,stream: words=524288 passes=2 checksum=8dd97a8432780000
l2size_256KiB_chase,l2size,256KiB,chase,0,3160920,109647803,34.68857263075307,0.028827937391504323,54.824,4.17,632806,518448,0.8192842672161769,518448,194.19996991000002,2.0,161.10498004111795,164.01807068828063,517424,17627,4359367,114,2.6e-05,518562,518364,0.9996181748759069,189.25622149600002,163.99149614669147,0,0,518364,17429,34290752,87.15648,633085,393614,0.6217395768340744,124.52513825088899,4359367,4,275,0,0.0,0,0,0.0,chase: footprint_kib=1024 nodes=16384 hops=500000 final=9930
l2size_256KiB_chase4m,l2size,256KiB,chase4m,0,5126955,129257499,25.211358203846142,0.03966466193191623,64.629,5.9,1026016,603540,0.5882364407572591,603540,189.81805017,2.0,113.65789422348364,117.71899694848112,602516,100870,6916033,114,1.6e-05,603654,572445,0.9482998538898111,193.742673968,111.65399345225383,0,0,572445,69661,41094784,91.44824,1027111,531919,0.5178787881738196,103.74949653351746,6916033,4,1091,0,0.0,0,0,0.0,chase: footprint_kib=4096 nodes=65536 hops=500000 final=60
l2size_256KiB_matmul,l2size,256KiB,matmul,0,6862544,24657977,3.5931247945368363,0.2783092870919622,12.328999999999999,4.03,1881623,119767,0.06365090137609924,119767,29.821912546,2.0,3.8981916143121027,17.452274258642277,118743,118729,8772200,117,1.3e-05,119884,3632,0.030295952754329183,151.107929516,0.5292497942453994,0,0,3632,5,232768,49.555339999999994,1881687,120,6.37725615365361e-05,0.017486226682116718,8772200,5,58,0,0.0,0,0,0.0,matmul: n=96 block=0 checksum=219826053362
l2size_256KiB_stream,l2size,256KiB,stream,0,6820444,47069245,6.901199540675065,0.144902345469956,23.535,3.93,1574368,196674,0.12492250858757292,196674,155.84959882799998,2.0,21.469122847960623,28.835952615401578,195650,65556,6822833,112,1.6e-05,196786,196786,1.0,150.84650839,28.852373833726954,0,0,196786,65556,16789888,49.33608,1575396,4111,0.002609502626641175,0.6027466833537524,6822833,4,1026,0,0.0,0,0,0.0,stream: words=524288 passes=2 checksum=8dd97a8432780000
l2size_2MiB_chase,l2size,2MiB,chase,0,3160920,25343157,8.017652139250599,0.12472479257418481,12.671999999999999,3.01,632806,518448,0.8192842672161769,518448,31.590705336,2.0,27.88176787204693,164.01807068828063,517424,517411,4359367,114,2.6e-05,518562,17578,0.033897586016715456,186.73665946,5.561039191121572,0,0,17578,0,1124992,84.51386,633085,393614,0.6217395768340744,124.52513825088899,4359367,4,275,0,0.0,0,0,0.0,chase: footprint_kib=1024 nodes=16384 hops=500000 final=9930
l2size_2MiB_chase4m,l2size,2MiB,chase4m,0,5126955,128992765,25.15972248634911,0.03974606637821897,64.496,5.55,1026016,603540,0.5882364407572591,603540,189.3794181,2.0,113.39987485582486,117.71899694848112,602516,102568,6916033,114,1.6e-05,603654,570739,0.9454737316409731,193.795176078,111.32124233585043,0,0,570739,69653,40985088,91.49288,1027111,531919,0.5178787881738196,103.74949653351746,6916033,4,1091,0,0.0,0,0,0.0,chase: footprint_kib=4096 nodes=65536 hops=500000 final=60
l2size_2MiB_matmul,l2size,2MiB,matmul,0,6862544,24657977,3.5931247945368363,0.2783092870919622,12.328999999999999,3.99,1881623,119767,0.06365090137609924,119767,29.821912546,2.0,3.8981916143121027,17.452274258642277,118743,118729,8772200,117,1.3e-05,119884,3632,0.030295952754329183,151.107929516,0.5292497942453994,0,0,3632,0,232448,49.555339999999994,1881687,120,6.37725615365361e-05,0.017486226682116718,8772200,5,58,0,0.0,0,0,0.0,matmul: n=96 block=0 checksum=219826053362
l2size_2MiB_stream,l2size,2MiB,stream,0,6820444,47146867,6.912580324682675,0.14466378009804978,23.573,4.16,1574368,196674,0.12492250858757292,196674,156.243529902,2.0,21.5183337059353,28.835952615401578,195650,65556,6822833,112,1.6e-05,196786,196786,1.0,151.24095718200002,28.852373833726954,0,0,196786,65556,16789888,49.73364,1575396,4111,0.002609502626641175,0.6027466833537524,6822833,4,1026,0,0.0,0,0,0.0,stream: words=524288 passes=2 checksum=8dd97a8432780000
l2size_4MiB_chase,l2size,4MiB,chase,0,3160920,25343157,8.017652139250599,0.12472479257418481,12.671999999999999,3.0,632806,518448,0.8192842672161769,518448,31.590705336,2.0,27.88176787204693,164.01807068828063,517424,517411,4359367,114,2.6e-05,518562,17578,0.033897586016715456,186.73665946,5.561039191121572,0,0,17578,0,1124992,84.51386,633085,393614,0.6217395768340744,124.52513825088899,4359367,4,275,0,0.0,0,0,0.0,chase: footprint_kib=1024 nodes=16384 hops=500000 final=9930
l2size_4MiB_chase4m,l2size,4MiB,chase4m,0,5126955,45852563,8.94342996964085,0.11181392412022857,22.926,4.42,1026016,603540,0.5882364407572591,603540,51.623938761999995,2.0,32.36708199522958,117.71899694848112,602516,469937,6916033,114,1.6e-05,603654,90886,0.15055975774201777,191.331437186,17.72709142171133,0,0,90886,21090,7166464,89.44138000000001,1027111,531919,0.5178787881738196,103.74949653351746,6916033,4,1091,0,0.0,0,0,0.0,chase: footprint_kib=4096 nodes=65536 hops=500000 final=60
l2size_4MiB_matmul,l2size,4MiB,matmul,0,6862544,24657977,3.5931247945368363,0.2783092870919622,12.328999999999999,3.91,1881623,119767,0.06365090137609924,119767,29.821912546,2.0,3.8981916143121027,17.452274258642277,118743,118729,8772200,117,1.3e-05,119884,3632,0.030295952754329183,151.107929516,0.5292497942453994,0,0,3632,0,232448,49.555339999999994,1881687,120,6.37725615365361e-05,0.017486226682116718,8772200,5,58,0,0.0,0,0,0.0,matmul: n=96 block=0 checksum=219826053362
l2size_4MiB_stream,l2size,4MiB,stream,0,6820444,29875767,4.38032582629518,0.2282935196274626,14.938,3.56,1574368,196674,0.12492250858757292,196674,68.41723868,2.0,10.546853086540326,28.835952615401578,195650,195606,6822833,112,1.6e-05,196786,65737,0.3340532354943949,148.150524058,9.638228830850307,0,0,65737,130,4215488,46.64448,1575396,4111,0.002609502626641175,0.6027466833537524,6822833,4,1026,0,0.0,0,0,0.0,stream: words=524288 passes=2 checksum=8dd97a8432780000
l2size_512KiB_chase,l2size,512KiB,chase,0,3160920,109586947,34.66932000809891,0.028843946168150846,54.793,4.3,632806,518448,0.8192842672161769,518448,194.08279326000002,2.0,161.00897905528785,164.01807068828063,517424,17949,4359367,114,2.6e-05,518562,518042,0.998997226946826,189.243331622,163.8896270705997,0,0,518042,17429,34270144,87.10275999999999,633085,393614,0.6217395768340744,124.52513825088899,4359367,4,275,0,0.0,0,0,0.0,chase: footprint_kib=1024 nodes=16384 hops=500000 final=9930
l2size_512KiB_chase4m,l2size,512KiB,chase4m,0,5126955,129226353,25.205283252924982,0.03967422186711406,64.613,6.02,1026016,603540,0.5882364407572591,603540,189.76644795800001,2.0,113.62753992196157,117.71899694848112,602516,101134,6916033,114,1.6e-05,603654,572173,0.9478492646449788,193.770357916,111.60094051927508,0,0,572173,69653,41076864,91.46844,1027111,531919,0.5178787881738196,103.74949653351746,6916033,4,1091,0,0.0,0,0,0.0,chase: footprint_kib=4096 nodes=65536 hops=500000 final=60
l2size_512KiB_matmul,l2size,512KiB,matmul,0,6862544,24657977,3.5931247945368363,0.2783092870919622,12.328999999999999,4.12,1881623,119767,0.06365090137609924,119767,29.821912546,2.0,3.8981916143121027,17.452274258642277,118743,118729,8772200,117,1.3e-05,119884,3632,0.030295952754329183,151.107929516,0.5292497942453994,0,0,3632,0,232448,49.555339999999994,1881687,120,6.37725615365361e-05,0.017486226682116718,8772200,5,58,0,0.0,0,0,0.0,matmul: n=96 block=0 checksum=219826053362
l2size_512KiB_stream,l2size,512KiB,stream,0,6820444,47078607,6.902572178585441,0.14487353034893322,23.539,3.96,1574368,196674,0.12492250858757292,196674,155.892136226,2.0,21.474436726427573,28.835952615401578,195650,65556,6822833,112,1.6e-05,196786,196786,1.0,150.89408291200002,28.852373833726954,0,0,196786,65556,16789888,49.385239999999996,1575396,4111,0.002609502626641175,0.6027466833537524,6822833,4,1026,0,0.0,0,0,0.0,stream: words=524288 passes=2 checksum=8dd97a8432780000
l2size_8MiB_chase,l2size,8MiB,chase,0,3160920,25343157,8.017652139250599,0.12472479257418481,12.671999999999999,3.02,632806,518448,0.8192842672161769,518448,31.590705336,2.0,27.88176787204693,164.01807068828063,517424,517411,4359367,114,2.6e-05,518562,17578,0.033897586016715456,186.73665946,5.561039191121572,0,0,17578,0,1124992,84.51386,633085,393614,0.6217395768340744,124.52513825088899,4359367,4,275,0,0.0,0,0,0.0,chase: footprint_kib=1024 nodes=16384 hops=500000 final=9930
l2size_8MiB_chase4m,l2size,8MiB,chase4m,0,5126955,42235889,8.238006575052834,0.12138858968968311,21.118000000000002,4.34,1026016,603540,0.5882364407572591,603540,45.63251483,2.0,28.842708106402043,117.71899694848112,602516,602503,6916033,114,1.6e-05,603654,69802,0.11563246495509016,190.967436464,13.614708925668355,0,0,69802,0,4467328,88.67692,1027111,531919,0.5178787881738196,103.74949653351746,6916033,4,1091,0,0.0,0,0,0.0,chase: footprint_kib=4096 nodes=65536 hops=500000 final=60
l2size_8MiB_matmul,l2size,8MiB,matmul,0,6862544,24657977,3.5931247945368363,0.2783092870919622,12.328999999999999,3.99,1881623,119767,0.06365090137609924,119767,29.821912546,2.0,3.8981916143121027,17.452274258642277,118743,118729,8772200,117,1.3e-05,119884,3632,0.030295952754329183,151.107929516,0.5292497942453994,0,0,3632,0,232448,49.555339999999994,1881687,120,6.37725615365361e-05,0.017486226682116718,8772200,5,58,0,0.0,0,0,0.0,matmul: n=96 block=0 checksum=219826053362
l2size_8MiB_stream,l2size,8MiB,stream,0,6820444,29871675,4.37972586535422,0.22832479263382452,14.936,3.51,1574368,196674,0.12492250858757292,196674,68.404100186,2.0,10.545211792910782,28.835952615401578,195650,195637,6822833,112,1.6e-05,196786,65704,0.33388554063805354,148.15210641599998,9.633390436165152,0,0,65704,0,4205056,46.620599999999996,1575396,4111,0.002609502626641175,0.6027466833537524,6822833,4,1026,0,0.0,0,0,0.0,stream: words=524288 passes=2 checksum=8dd97a8432780000
line_128B_chase,line,128B,chase,0,3160920,23548605,7.449921225466004,0.13422960723151117,11.774,2.88,632800,500670,0.7911978508217447,500670,29.06929115,2.0,24.999560682791564,158.39375877908964,500158,500150,4359367,68,1.6e-05,500738,8809,0.017592034157583408,196.464184356,2.7868468673677285,0,0,8809,0,1127552,89.09464,633079,393614,0.6217454693648028,124.52513825088899,4359367,4,275,0,0.0,0,0,0.0,chase: footprint_kib=1024 nodes=16384 hops=500000 final=9930
line_128B_matmul,line,128B,matmul,0,6862544,23120603,3.3691008757102323,0.29681509604226153,11.56,4.06,1881622,64599,0.034331550120055995,64599,29.901469062,2.0,3.026563783765357,9.413272978650483,64087,64078,8772200,66,8e-06,64665,1832,0.028330627078017475,162.956331878,0.26695639401364857,0,0,1832,0,234496,56.354260000000004,1881686,120,6.377259542771748e-05,0.017486226682116718,8772200,5,58,0,0.0,0,0,0.0,matmul: n=96 block=0 checksum=219826053362
line_128B_stream,line,128B,stream,0,6820444,33726165,4.944863560202239,0.20223004898422337,16.863,3.82,1574368,98350,0.06246951157543853,98350,174.049334012,2.0,12.87277688576,14.419882341970698,97838,32781,6822833,64,9e-06,98414,98414,1.0,169.044617636,14.429265895299485,0,0,98414,32781,16792960,62.455760000000005,1575396,4111,0.002609502626641175,0.6027466833537524,6822833,4,1026,0,0.0,0,0,0.0,stream: words=524288 passes=2 checksum=8dd97a8432780000
line_128B_stride,line,128B,stride,0,8766024,64709869,7.381895030175596,0.13546657002195445,32.355000000000004,6.15,1863849,1602100,0.8595653403253161,1602100,26.2022483,2.0,24.522544477277936,182.7624473763704,1601588,1601580,11098754,64,6e-06,1602164,2148,0.001340686721209564,175.822160148,0.24503697457364934,0,0,2148,0,274944,69.24512,1863917,142,7.618364980844104e-05,0.016198906140343673,11098754,4,66,0,0.0,0,0,0.0,stride: stride=32768 lines=8 iters=200000 checksum=1605600000
line_16B_chase,line,16B,chase,0,3160920,25842681,8.17568334535515,0.12231393484290581,12.921,3.22,632814,521613,0.8242753794953968,521613,32.30318071,2.0,28.62671653864363,165.01936145172925,517517,517481,4359367,343,7.9e-05,521956,20969,0.04017388438872242,179.871810768,6.633828125988636,0,0,20969,0,335504,77.76122,633093,393614,0.6217317203001771,124.52513825088899,4359367,4,275,0,0.0,0,0,0.0,chase: footprint_kib=1024 nodes=16384 hops=500000 final=9930
line_16B_matmul,line,16B,matmul,0,6862544,33934349,4.944864324367173,0.20223001773218044,16.967,5.06,1881627,450600,0.23947360449228247,450600,29.906027518,2.0,9.161704205780847,65.66078119134828,446504,446467,8772200,354,4e-05,450954,14332,0.03178151208327235,146.836170806,2.0884383400674733,0,0,14332,0,229312,45.29674,1881691,120,6.377242597217077e-05,0.017486226682116718,8772200,5,58,0,0.0,0,0,0.0,matmul: n=96 block=0 checksum=219826053362
line_16B_stream,line,16B,stream,0,6820444,135211433,19.824432690892266,0.05044280538022254,67.606,6.48,1574374,786591,0.4996214368377527,786591,152.47934441200002,2.0,78.181949143202,115.32841556942627,782495,262195,6822833,343,5e-05,786934,786934,1.0,147.478976636,115.37870555054774,0,0,786934,262195,16786064,45.95324,1575402,4111,0.0026094926882154522,0.6027466833537524,6822833,4,1026,0,0.0,0,0,0.0,stream: words=524288 passes=2 checksum=8dd97a8432780000
line_16B_stride,line,16B,stride,0,8766024,66876817,7.629093532027747,0.1310771713312851,33.438,6.94,1863859,1616553,0.8673150705069429,1616553,27.301933188,2.0,25.679378107926063,184.4111994217675,1612457,1612421,11098754,334,3e-05,1616887,16864,0.010429918726540569,148.27188093,1.923791219371519,0,0,16864,0,269824,46.74564,1863927,142,7.618324108186641e-05,0.016198906140343673,11098754,4,66,0,0.0,0,0,0.0,stride: stride=32768 lines=8 iters=200000 checksum=1605600000
line_256B_chase,line,256B,chase,0,3160920,22661187,7.1691744808473485,0.1394860736994933,11.331000000000001,2.75,632800,492292,0.7779582806573957,492292,27.735981896000002,2.0,23.577436788156817,155.74326461916152,492036,492032,4359367,38,9e-06,492330,4412,0.008961468933438953,215.902765186,1.3957961606114675,0,0,4412,0,1129472,98.09902000000001,633079,393614,0.6217454693648028,124.52513825088899,4359367,4,275,0,0.0,0,0,0.0,chase: footprint_kib=1024 nodes=16384 hops=500000 final=9930
line_256B_matmul,line,256B,matmul,0,6862544,22346675,3.2563252053465885,0.3070946348841606,11.173,3.72,1881622,36950,0.019637312914070944,36950,29.92473613,2.0,2.5876414072558145,5.384300632535107,36694,36689,8772200,38,4e-06,36988,927,0.02506218232940413,183.858683926,0.13508110111935165,0,0,927,0,237312,67.17638000000001,1881686,120,6.377259542771748e-05,0.017486226682116718,8772200,5,58,0,0.0,0,0,0.0,matmul: n=96 block=0 checksum=219826053362
line_256B_stream,line,256B,stream,0,6820444,26342241,3.862247237863107,0.25891661988818643,13.171000000000001,3.32,1574368,49182,0.031239202016301145,49182,195.99109430200002,2.0,8.122605388296108,7.210967497130685,48926,16393,6822833,35,5e-06,49217,49217,1.0,190.98933295400002,7.216099127857365,0,0,49217,16393,16796160,74.2001,1575396,4111,0.002609502626641175,0.6027466833537524,6822833,4,1026,0,0.0,0,0,0.0,stream: words=524288 passes=2 checksum=8dd97a8432780000
line_256B_stride,line,256B,stride,0,8766024,64538377,7.362331770937429,0.1358265331029319,32.269,6.09,1863849,1601061,0.8590078917337187,1601061,26.112539121999998,2.0,24.430877179003467,182.64392157721676,1600805,1600801,11098754,40,4e-06,1601101,1086,0.000678283256334235,192.67587477,0.12388740893248752,0,0,1086,0,278016,76.01888000000001,1863917,142,7.618364980844104e-05,0.016198906140343673,11098754,4,66,0,0.0,0,0,0.0,stride: stride=32768 lines=8 iters=200000 checksum=1605600000
line_32B_chase,line,32B,chase,0,3160920,25512133,8.071109993293092,0.12389869557359237,12.756,3.13,632808,519505,0.8209520107204713,519505,31.831874572,2.0,28.13244143488524,164.35246700327752,517457,517435,4359367,198,4.5e-05,519703,18719,0.03601864911305111,184.198461456,5.922010047707629,0,0,18719,0,599008,82.01824,633087,393614,0.6217376126819852,124.52513825088899,4359367,4,275,0,0.0,0,0,0.0,chase: footprint_kib=1024 nodes=16384 hops=500000 final=9930
line_32B_matmul,line,32B,matmul,0,6862544,27754275,4.044312867065042,0.24726079135556595,13.877,4.52,1881624,230078,0.1222762889929125,230078,29.888029278,2.0,5.654597305425359,33.52663385473375,228030,228007,8772200,201,2.3e-05,230279,7205,0.03128813309072907,148.631783484,1.0499021937054247,0,0,7205,0,230560,47.09334,1881688,120,6.377252764539073e-05,0.017486226682116718,8772200,5,58,0,0.0,0,0,0.0,matmul: n=96 block=0 checksum=219826053362
line_32B_stream,line,32B,stream,0,6820444,76573983,11.227125829344834,0.08906999130501021,38.287,4.99,1574368,393314,0.24982342120774811,393314,153.918207844,2.0,40.45237326975333,57.66692021809724,391266,131102,6822833,189,2.8e-05,393503,393503,1.0,148.91644536400003,57.69463102402131,0,0,393503,131102,16787360,47.39606,1575396,4111,0.002609502626641175,0.6027466833537524,6822833,4,1026,0,0.0,0,0,0.0,stream: words=524288 passes=2 checksum=8dd97a8432780000
line_32B_stride,line,32B,stride,0,8766024,65631979,7.4870863917324435,0.1335633045591997,32.815999999999995,7.02,1863854,1608298,0.8628884022031769,1608298,26.671706984,2.0,25.014706623455073,183.46949540635526,1606250,1606228,11098754,186,1.7e-05,1608484,8465,0.005262719430221252,151.31896042600002,0.9656601442113323,0,0,8465,0,270880,49.78872,1863922,142,7.618344544460552e-05,0.016198906140343673,11098754,4,66,0,0.0,0,0,0.0,stride: stride=32768 lines=8 iters=200000 checksum=1605600000
line_64B_chase,line,64B,chase,0,3160920,25343157,8.017652139250599,0.12472479257418481,12.671999999999999,3.06,632806,518448,0.8192842672161769,518448,31.590705336,2.0,27.88176787204693,164.01807068828063,517424,517411,4359367,114,2.6e-05,518562,17578,0.033897586016715456,186.73665946,5.561039191121572,0,0,17578,0,1124992,84.51386,633085,393614,0.6217395768340744,124.52513825088899,4359367,4,275,0,0.0,0,0,0.0,chase: footprint_kib=1024 nodes=16384 hops=500000 final=9930
line_64B_matmul,line,64B,matmul,0,6862544,24657977,3.5931247945368363,0.2783092870919622,12.328999999999999,4.19,1881623,119767,0.06365090137609924,119767,29.821912546,2.0,3.8981916143121027,17.452274258642277,118743,118729,8772200,117,1.3e-05,119884,3632,0.030295952754329183,151.107929516,0.5292497942453994,0,0,3632,0,232448,49.555339999999994,1881687,120,6.37725615365361e-05,0.017486226682116718,8772200,5,58,0,0.0,0,0,0.0,matmul: n=96 block=0 checksum=219826053362
line_64B_stream,line,64B,stream,0,6820444,47146867,6.912580324682675,0.14466378009804978,23.573,4.06,1574368,196674,0.12492250858757292,196674,156.243529902,2.0,21.5183337059353,28.835952615401578,195650,65556,6822833,112,1.6e-05,196786,196786,1.0,151.24095718200002,28.852373833726954,0,0,196786,65556,16789888,49.73364,1575396,4111,0.002609502626641175,0.6027466833537524,6822833,4,1026,0,0.0,0,0,0.0,stream: words=524288 passes=2 checksum=8dd97a8432780000
line_64B_stride,line,64B,stride,0,8766024,64970069,7.411577814525719,0.13492403709775957,32.485,6.97,1863851,1604169,0.86067448524587,1604169,26.32858134,2.0,24.660338192058518,182.99847228344345,1603145,1603132,11098754,112,1e-05,1604281,4264,0.0026578884871166584,148.136726078,0.4864234914255311,0,0,4264,0,272896,46.60518,1863919,142,7.618356806277526e-05,0.016198906140343673,11098754,4,66,0,0.0,0,0,0.0,stride: stride=32768 lines=8 iters=200000 checksum=1605600000
o3_default_chase,o3,default,chase,0,3160920,18240565,5.7706506333599075,0.17329068480060789,9.12,14.25,642445,518568,0.8071788246464678,518451,31.65184701,2.0,27.548700667421617,164.0560343191223,517427,517411,1117199,180,0.000161,518576,17592,0.033923667890530994,187.493576626,5.565468281386432,0,0,17591,0,1125824,84.32061999999999,644827,394672,0.6120587382352166,124.85985092947622,1117199,4,1335,0,0.0,0,0,0.0,chase: footprint_kib=1024 nodes=16384 hops=500000 final=9930
o3_default_matmul,o3,default,matmul,0,6862544,3132196,0.4564190772401605,2.190968892112754,1.5659999999999998,14.07,1914619,141422,0.07386430407302967,120620,29.947136796,2.0,4.212024418416359,20.607809581985922,119596,117018,29757,189,0.006351,120747,3681,0.030485229446694326,146.99972833400003,0.5363900034739304,0,0,3680,0,235520,45.106120000000004,1916743,716,0.0003735503403429672,0.10433448586996309,29757,5,653,0,0.0,0,0,0.0,matmul: n=96 block=0 checksum=219826053362
o3_default_stream,o3,default,stream,0,6820444,18894487,2.770272287258718,0.36097534693585487,9.447000000000001,19.17,1574600,1114224,0.7076235234345231,196682,160.10130997,2.0,115.29145306745413,163.36531756583588,195658,65556,1216,180,0.148026,196802,196802,1.0,158.26370667,28.85471972205915,0,0,196802,65556,16790912,56.45686,1599510,27659,0.01729217072728523,4.055307836264032,1216,4,24572,0,0.0,0,0,0.0,stream: words=524288 passes=2 checksum=8dd97a8432780000
o3_default_stride,o3,default,stride,0,8766024,12008617,1.3699046454812354,0.7299778150972756,6.004,24.13,1864104,1311879,0.7037584812864518,1008912,39.248261462,2.0,29.621296879630695,149.6549632992107,1007888,1007872,467961,196,0.000419,1009031,4274,0.00423574696912186,146.649274684,0.4875642594635835,0,0,4274,0,273536,45.07826,1866576,2018,0.0010811239403056719,0.23020699007896853,467961,4,1941,0,0.0,0,0,0.0,stride: stride=32768 lines=8 iters=200000 checksum=1605600000
o3_l1d32k8w_chase,o3,l1d32k8w,chase,0,3160920,18287283,5.785430507573745,0.17284798403349474,9.144,14.34,642629,522232,0.8126492890921512,521783,31.607659048000002,2.0,27.6859416552243,165.2151905141541,521271,521255,1120420,180,0.000161,521908,17592,0.03370709013849184,187.585663938,5.565468281386432,0,0,17591,0,1125824,84.41158,645654,394672,0.6112747694585645,124.85985092947622,1120420,4,1335,0,0.0,0,0,0.0,chase: footprint_kib=1024 nodes=16384 hops=500000 final=9930
o3_l1d32k8w_matmul,o3,l1d32k8w,matmul,0,6862544,3189114,0.4647130859925998,2.151865377029482,1.595,14.08,1913313,138658,0.07247010813181115,123137,30.377064432,2.0,4.201429144114035,20.205043494074502,122625,119893,29753,189,0.006352,123264,3669,0.029765381619937695,146.574270918,0.5346413808057187,0,0,3668,0,234752,44.68456,1918589,716,0.00037319092312110616,0.10433448586996309,29753,5,653,0,0.0,0,0,0.0,matmul: n=96 block=0 checksum=219826053362
o3_l1d32k8w_stream,o3,l1d32k8w,stream,0,6820444,18894487,2.770272287258718,0.36097534693585487,9.447000000000001,19.22,1574600,1114224,0.7076235234345231,196682,160.101300098,2.0,115.2914460817947,163.36531756583588,196170,65556,1216,180,0.148026,196802,196802,1.0,158.26374223800002,28.85471972205915,0,0,196802,65556,16790912,56.45704,1599510,27659,0.01729217072728523,4.055307836264032,1216,4,24572,0,0.0,0,0,0.0,stream: words=524288 passes=2 checksum=8dd97a8432780000
o3_l1d32k8w_stride,o3,l1d32k8w,stride,0,8766024,3958881,0.45161649112528096,2.2142681227346817,1.9789999999999999,16.9,1864106,4226,0.0022670384624050347,4175,150.506862282,2.0,2.3412048456491914,0.4820885728809321,3663,3647,467945,196,0.000419,4294,4274,0.9953423381462506,146.643659336,0.4875642594635835,0,0,4274,0,273536,45.072540000000004,1866575,2018,0.0010811245195076545,0.23020699007896853,467945,4,1941,0,0.0,0,0,0.0,stride: stride=32768 lines=8 iters=200000 checksum=1605600000
o3_pf_chase,o3,pf,chase,0,3160920,18090601,5.723207483897093,0.17472719673602882,9.045,14.44,642409,516632,0.804210401784533,518481,31.428504236000002,2.0,27.275130019120457,163.44355440821028,517457,517431,1117175,185,0.000166,518606,16696,0.03219399698422309,189.243378414,5.282006504435418,0,0,17600,0,1126400,84.52748,644793,394672,0.6120910121542883,124.85985092947622,1117175,4,1335,0,0.0,11393,2822,0.24769595365575353,chase: footprint_kib=1024 nodes=16384 hops=500000 final=9930
o3_pf_matmul,o3,pf,matmul,0,6862544,2861136,0.4169206055363725,2.398538203007477,1.431,14.08,1914647,130308,0.0680584985117361,122058,27.352119456,2.0,3.8615441812890046,18.988293554110545,121034,118403,29613,187,0.006315,122185,357,0.00292179891148668,159.741742296,0.05202152437929724,0,0,3706,0,237184,54.35106,1916671,612,0.00031930362592223706,0.08917975607879527,29613,5,549,0,0.0,35338,8498,0.2404776727602015,matmul: n=96 block=0 checksum=219826053362
o3_pf_stream,o3,pf,stream,0,6820444,5970431,0.8753727763177881,1.1423704586821286,2.985,16.69,1574574,1006308,0.6390985752336823,196705,71.747123148,2.0,47.853484181002344,147.54288723725318,195681,65556,1177,189,0.160578,196825,145372,0.7385850374698336,82.368394986,21.31415491425485,0,0,196845,65556,16793664,91.94518,1599486,27658,0.017291804992353794,4.05516121824327,1177,4,24571,0,0.0,896538,102257,0.11405763057449879,stream: words=524288 passes=2 checksum=8dd97a8432780000
o3_pf_stride,o3,pf,stride,0,8766024,11354439,1.295278110121533,0.7720349724015427,5.677,24.35,1864088,1302997,0.6989997253348554,1005048,38.845164646,2.0,29.152759418141237,148.64173312781256,1004024,1004005,467935,198,0.000423,1005167,356,0.000354170003591443,165.007634832,0.040611342154664415,0,0,4280,0,273920,53.910940000000004,1866557,2018,0.001081134945249462,0.23020699007896853,467935,4,1941,0,0.0,31295,7960,0.25435373062789585,stride: stride=32768 lines=8 iters=200000 checksum=1605600000
opt_combined_chase,opt,combined,chase,0,3160920,22955709,7.262350518203561,0.13769646583340117,11.478,5.64,632806,495248,0.7826221622424566,1462168,28.157084936,2.0,24.036358695056823,156.67843539222758,1461144,1446004,4359367,114,2.6e-05,1462282,16608,0.011357590396380452,173.59484826599999,5.254166508484872,0,0,17610,0,1127040,69.1715,633085,393614,0.6217395768340744,124.52513825088899,4359367,4,275,0,0.0,1016585,24235,0.02383961990389392,chase: footprint_kib=1024 nodes=16384 hops=500000 final=9930
opt_combined_chase4m,opt,combined,chase4m,0,5126955,35210869,6.86779365139737,0.14560717033141102,17.605,7.44,1026016,589032,0.5740963103889218,1737773,34.78045675,2.0,21.96733189381647,114.8892471262182,1736748,1435256,6916033,114,1.6e-05,1737887,82392,0.04740929646173773,179.83879117,16.070357551412094,0,0,87592,14792,6552576,75.62516000000001,1027111,531919,0.5178787881738196,103.74949653351746,6916033,4,1091,0,0.0,1217314,29045,0.023859907961298398,chase: footprint_kib=4096 nodes=65536 hops=500000 final=60
opt_combined_matmul,opt,combined,matmul,0,6862544,21386459,3.116403916681627,0.3208826669248986,10.693,4.4,1881623,1982,0.0010533459678160823,112055,32.895055500000005,2.0,2.034649874072011,0.2888141773662945,111031,110800,8772200,117,1.3e-05,112172,311,0.00277252790357665,167.03508038599998,0.045318470817819166,0,0,3675,0,235200,52.27446,1881687,120,6.37725615365361e-05,0.017486226682116718,8772200,5,58,0,0.0,231127,112980,0.4888221627070831,matmul: n=96 block=0 checksum=219826053362
opt_combined_matmulb,opt,combined,matmulb,0,9102071,26443313,2.9051973995808207,0.3442106894850884,13.222,4.89,1995850,2653,0.001329258210787384,19015,33.330192236,2.0,2.044304431696825,0.29147212760700286,17991,17940,11175021,120,1.1e-05,19135,312,0.01630519989547949,171.220871794,0.0342779132353505,0,0,3676,0,235264,52.85028,1995914,120,6.012283094361781e-05,0.013183812782827117,11175021,5,58,0,0.0,44408,16695,0.3759457755359395,matmul: n=96 block=16 checksum=219826053362
opt_combined_pagewalk,opt,combined,pagewalk,0,4025259,11217711,2.786829617671807,0.35883069192993117,5.609,2.19,505655,1631,0.0032255193758590345,4635,76.26793378199999,2.0,2.2460036981705747,0.40519131812387726,3625,1145,5033313,122,2.4e-05,4759,1722,0.361840722840933,154.328659698,0.4277985590492438,0,0,1760,0,112640,51.20684,506180,501042,0.9898494606661662,124.47447481019233,5033313,6,515,0,0.0,3450,102,0.029565217391304348,pagewalk: pages=512 hops=500000 final=200
opt_combined_stream,opt,combined,stream,0,6820444,17106977,2.5081911089659266,0.39869370257527087,8.552999999999999,4.16,1574368,3486,0.002214221833777109,196713,86.37923121,2.0,2.1912627797300632,0.5111104203773245,195688,195407,6822833,112,1.6e-05,196825,3183,0.016171726152673694,191.31580333,0.46668516008635214,0,0,65936,268,4236992,53.4006,1575396,4111,0.002609502626641175,0.6027466833537524,6822833,4,1026,0,0.0,632969,255933,0.40433733721556664,stream: words=524288 passes=2 checksum=8dd97a8432780000
opt_combined_stride,opt,combined,stride,0,8766024,25960367,2.9614756929709523,0.33766949442586847,12.98,4.8,1863851,106,5.687149884835215e-05,4219,179.28301886800003,2.0,2.0101960940010803,0.012092141203355136,3195,3170,11098754,112,1e-05,4331,320,0.07388593858231356,175.12789375,0.03650457721767588,0,0,4287,0,274368,53.57918,1863919,142,7.618356806277526e-05,0.016198906140343673,11098754,4,66,0,0.0,23679,8029,0.33907681912242915,stride: stride=32768 lines=8 iters=200000 checksum=1605600000
opt_line128_chase,opt,line128,chase,0,3160920,22582599,7.1443120990091495,0.13997148866700418,11.291,5.42,632800,490889,0.7757411504424778,1421218,27.640313797999998,2.0,23.441728824251612,155.2994065019045,1420706,1410836,4359367,68,1.6e-05,1421286,8348,0.005873553950436435,185.894623144,2.641003252217709,0,0,8829,0,1130112,76.7849,633079,393614,0.6217454693648028,124.52513825088899,4359367,4,275,0,0.0,977143,21201,0.021696926652496104,chase: footprint_kib=1024 nodes=16384 hops=500000 final=9930
opt_line128_chase4m,opt,line128,chase4m,0,5126955,33103651,6.456785947994472,0.1548758171719488,16.552,7.21,1026010,586057,0.5712000857691446,1698952,31.361550156,2.0,19.91372013896053,114.30898067176327,1698439,1503631,6916033,68,1e-05,1699020,41649,0.02451354310131723,191.652224736,8.123535314821371,0,0,44599,7575,6678272,82.6899,1027105,531919,0.5178818134465317,103.74949653351746,6916033,4,1091,0,0.0,1164513,21719,0.01865071493405398,chase: footprint_kib=4096 nodes=65536 hops=500000 final=60
opt_line128_matmul,opt,line128,matmul,0,6862544,28319795,4.126719624675631,0.24232322303180515,14.16,5.3,1881622,239777,0.1274310143057426,530584,31.198663758,2.0,5.975677367665751,34.93995812631584,530072,529846,8772200,66,8e-06,530650,240,0.0004522755111655517,203.395575,0.034972453364233436,0,0,1867,0,238976,63.196419999999996,1881686,120,6.377259542771748e-05,0.017486226682116718,8772200,5,58,0,0.0,501160,31971,0.06379399792481442,matmul: n=96 block=0 checksum=219826053362
opt_line128_matmulb,opt,line128,matmulb,0,9102071,26478989,2.9091169471211553,0.34374692326810513,13.239,4.98,1995848,3965,0.0019866242319054356,17060,33.875157630000004,2.0,2.0672972090073745,0.43561514736591267,16548,16503,11175021,68,6e-06,17128,241,0.014070527790751986,200.80887137000002,0.026477490672177792,0,0,1868,0,239104,62.813559999999995,1995912,120,6.012289118959152e-05,0.013183812782827117,11175021,5,58,0,0.0,25692,7878,0.3066324147594582,matmul: n=96 block=16 checksum=219826053362
opt_line128_pagewalk,opt,line128,pagewalk,0,4025259,24885957,6.182448632497934,0.16174821004472523,12.443,5.34,505653,478100,0.9455100632251762,1387373,30.857444049999998,2.0,31.176023874682834,118.77496578481036,1386862,477928,5033313,69,1.4e-05,1387443,1616,0.001164732533156317,163.96969925800002,0.40146484983947617,0,0,1637,0,209536,56.52416,506178,501042,0.9898533717387954,124.47447481019233,5033313,6,515,0,0.0,909408,53,5.8279672050388825e-05,pagewalk: pages=512 hops=500000 final=200
opt_line128_stream,opt,line128,stream,0,6820444,17145317,2.5138124438819527,0.3978021520395336,8.573,3.8,1574368,3104,0.0019715847883087054,98376,111.469072164,2.0,2.219770727045428,0.4551023364461317,97863,97620,6822833,64,9e-06,98440,2346,0.02383177570093458,240.507992328,0.34396587670831985,0,0,33069,199,4258304,68.27333999999999,1575396,4111,0.002609502626641175,0.6027466833537524,6822833,4,1026,0,0.0,305234,125964,0.412680107720634,stream: words=524288 passes=2 checksum=8dd97a8432780000
opt_line128_stride,opt,line128,stride,0,8766024,25957433,2.961140991628588,0.3377076616166167,12.979,4.82,1863849,101,5.418893912543344e-05,2139,215.435643564,2.0,2.011674228974538,0.01152175718432895,1627,1611,11098754,64,6e-06,2203,247,0.112119836586473,211.31560323800002,0.02817697053989357,0,0,2162,0,276736,66.24748,1863917,142,7.618364980844104e-05,0.016198906140343673,11098754,4,66,0,0.0,11341,3914,0.34511947800017634,stride: stride=32768 lines=8 iters=200000 checksum=1605600000
page_16KiB_chase4m,page,16KiB,chase4m,0,5126955,142330733,27.76126043626285,0.03602141921098657,71.165,6.63,1026016,603820,0.5885093409849359,603820,189.395342984,2.0,113.46092848512974,117.77361026184158,602796,102805,6915215,114,1.6e-05,603934,570782,0.9451065844943322,193.878888962,111.32962938040221,0,0,570782,69653,40987840,91.58696,1026294,424320,0.413448777835591,82.76257544682954,6915215,2,274,13277660,0.0932873717442318,0,0,0.0,chase: footprint_kib=4096 nodes=65536 hops=500000 final=60
page_16KiB_matmul,page,16KiB,matmul,0,6862544,24636725,3.5900279837914337,0.27854936076122133,12.318000000000001,4.13,1881623,117553,0.062474257595703284,117553,29.90367749,2.0,3.8682100505690937,17.129653376357222,116529,116515,8772142,117,1.3e-05,117670,3632,0.030865981133678933,151.512665198,0.5292497942453994,0,0,3632,0,232448,49.96544,1881644,34,1.8069305352128246e-05,0.004954430893266404,8772142,2,15,31080,0.0012615313114872208,0,0,0.0,matmul: n=96 block=0 checksum=219826053362
page_16KiB_pagewalk,page,16KiB,pagewalk,0,4025284,20621979,5.12311156181775,0.19519387542776567,10.311,2.05,505664,603,0.001192491456777623,603,185.95356550600002,2.0,2.221748038223243,0.14980309463878821,0,0,5032577,122,2.4e-05,727,727,1.0,175.844566712,0.1806083744650067,0,0,727,0,46528,73.81017999999999,505804,305176,0.6033483325556935,75.81477480843587,5032577,6,130,9415460,0.45657402715811124,0,0,0.0,pagewalk: pages=512 hops=500000 final=200
page_16KiB_stream,page,16KiB,stream,0,6820444,47707477,6.994775853302219,0.14296383772296323,23.854,4.11,1574368,196674,0.12492250858757292,196674,156.32950974800002,2.0,21.529074523985596,28.835952615401578,195650,65556,6822063,112,1.6e-05,196786,196786,1.0,151.327548708,28.852373833726954,0,0,196786,65556,16789888,49.81566,1574627,1035,0.0006572985221261924,0.15174965148896466,6822063,2,257,545110,0.011426091553741146,0,0,0.0,stream: words=524288 passes=2 checksum=8dd97a8432780000
page_256KiB_chase4m,page,256KiB,chase4m,0,5126955,129218171,25.20368737388957,0.039676734009801144,64.609,6.27,1026016,603820,0.5885093409849359,603820,189.6045444,2.0,113.58404547259302,117.77361026184158,602796,102811,6914960,114,1.6e-05,603934,570776,0.9450966496339004,194.102036526,111.32845909511592,0,0,570776,69653,40987456,91.79178,1026039,40,3.8984872894695034e-05,0.007801901908637778,6914960,1,19,39230,0.00030359507255368906,0,0,0.0,chase: footprint_kib=4096 nodes=65536 hops=500000 final=60
page_256KiB_matmul,page,256KiB,matmul,0,6862544,24719275,3.602057050563173,0.27761914538351146,12.36,4.1,1881623,117553,0.062474257595703284,117553,30.820710658,2.0,3.9255010169305296,17.129653376357222,116529,116515,8772126,117,1.3e-05,117670,3632,0.030865981133678933,181.080947136,0.5292497942453994,0,0,3632,0,232448,78.94136,1881632,8,4.251628373667114e-06,0.001165748445474448,8772126,1,3,6270,0.00025364821581539104,0,0,0.0,matmul: n=96 block=0 checksum=219826053362
page_256KiB_pagewalk,page,256KiB,pagewalk,0,4025274,11230267,2.7899385234396465,0.3584308369516059,5.615,1.89,505664,603,0.001192491456777623,603,192.189054726,2.0,2.229183805846922,0.14980346679505543,0,0,5032322,122,2.4e-05,727,727,1.0,180.752407152,0.18060882315092092,0,0,727,0,46528,78.64717999999999,505684,22,4.350543026870536e-05,0.005465466450234195,5032322,1,10,20690,0.001842342662022194,0,0,0.0,pagewalk: pages=512 hops=500000 final=200
page_256KiB_stream,page,256KiB,stream,0,6820444,47178013,6.917146889557337,0.14456827590428617,23.589,4.08,1574368,196674,0.12492250858757292,196674,156.232964194,2.0,21.51701381118694,28.835952615401578,195650,65556,6821823,112,1.6e-05,196786,196786,1.0,151.23107843,28.852373833726954,0,0,196786,65556,16789888,49.72336,1574387,36,2.2866042466051865e-05,0.005278248747442249,6821823,1,17,35110,0.0007442026013261729,0,0,0.0,stream: words=524288 passes=2 checksum=8dd97a8432780000
page_2MiB_chase4m,page,2MiB,chase4m,0,5126955,129187025,25.197612422968408,0.039686299765785304,64.594,6.89,1026016,603820,0.5885093409849359,603820,189.604186678,2.0,113.58383494985453,117.77361026184158,602796,102811,6914945,114,1.6e-05,603934,570776,0.9450966496339004,194.10165809400002,111.32845909511592,0,0,570776,69653,40987456,91.80656,1026024,10,9.746360708911292e-06,0.0019504754771594445,6914945,1,4,8330,6.448015967547825e-05,0,0,0.0,chase: footprint_kib=4096 nodes=65536 hops=500000 final=60
page_2MiB_matmul,page,2MiB,matmul,0,6862544,24719275,3.602057050563173,0.27761914538351146,12.36,4.48,1881623,117553,0.062474257595703284,117553,30.820710658,2.0,3.9255010169305296,17.129653376357222,116529,116515,8772126,117,1.3e-05,117670,3632,0.030865981133678933,181.080947136,0.5292497942453994,0,0,3632,0,232448,78.94136,1881632,8,4.251628373667114e-06,0.001165748445474448,8772126,1,3,6270,0.00025364821581539104,0,0,0.0,matmul: n=96 block=0 checksum=219826053362
page_2MiB_pagewalk,page,2MiB,pagewalk,0,4025274,11215555,2.786283616966199,0.35890100846547496,5.6080000000000005,1.86,505664,603,0.001192491456777623,603,190.82255389800002,2.0,2.2275542652838527,0.14980346679505543,0,0,5032308,122,2.4e-05,727,727,1.0,180.389270976,0.18060882315092092,0,0,727,0,46528,78.27992,505677,8,1.5820375457060534e-05,0.0019874423455397074,5032308,1,3,6270,0.0005590450049061326,0,0,0.0,pagewalk: pages=512 hops=500000 final=200
page_2MiB_stream,page,2MiB,stream,0,6820444,47160517,6.91458166066608,0.1446219090431091,23.580000000000002,4.69,1574368,196674,0.12492250858757292,196674,156.289138372,2.0,21.524031230420544,28.835952615401578,195650,65556,6821809,112,1.6e-05,196786,196786,1.0,151.28886709399998,28.852373833726954,0,0,196786,65556,16789888,49.7746,1574373,8,5.081387955713163e-06,0.0011729441660982775,6821809,1,3,6270,0.00013295019645352912,0,0,0.0,stream: words=524288 passes=2 checksum=8dd97a8432780000
page_4KiB_chase4m,page,4KiB,chase4m,0,5126955,146904261,28.653315857073057,0.03489997475294471,73.452,6.57,1026016,603820,0.5885093409849359,603820,188.91546156200002,2.0,113.17851378571763,117.77361026184158,602796,102848,6916033,114,1.6e-05,603934,570739,0.9450353846612378,193.38355886,111.32124233585043,0,0,570739,69653,40985088,91.10548,1027111,531919,0.5178787881738196,103.74949653351746,6916033,4,1091,18139690,0.12347967224721956,0,0,0.0,chase: footprint_kib=4096 nodes=65536 hops=500000 final=60
page_4KiB_matmul,page,4KiB,matmul,0,6862544,24726897,3.603167717394599,0.2775335700229592,12.363000000000001,4.09,1881623,117553,0.062474257595703284,117553,29.918377242,2.0,3.869128406662135,17.129653376357222,116529,116515,8772200,117,1.3e-05,117670,3632,0.030865981133678933,151.894273128,0.5292497942453994,0,0,3632,0,232448,50.3483,1881687,120,6.37725615365361e-05,0.017486226682116718,8772200,5,58,119750,0.004842904469574165,0,0,0.0,matmul: n=96 block=0 checksum=219826053362
page_4KiB_pagewalk,page,4KiB,pagewalk,0,4025259,27257513,6.771617180410006,0.14767521160129318,13.629000000000001,2.15,505655,603,0.001192512681571427,603,166.537313432,2.0,2.1985978582224956,0.14980402503292334,0,0,5033313,122,2.4e-05,727,727,1.0,159.475928474,0.18060949618397226,0,0,727,0,46528,57.7579,506180,501042,0.9898494606661662,124.47447481019233,5033313,6,515,16061440,0.5892481826937036,0,0,0.0,pagewalk: pages=512 hops=500000 final=200
page_4KiB_stream,page,4KiB,stream,0,6820444,49544021,7.264046299625068,0.13766432078655869,24.772,4.17,1574368,196674,0.12492250858757292,196674,157.370684482,2.0,21.659140683634874,28.835952615401578,195650,65556,6822833,112,1.6e-05,196786,196786,1.0,152.36758204400002,28.852373833726954,0,0,196786,65556,16789888,50.858239999999995,1575396,4111,0.002609502626641175,0.6027466833537524,6822833,4,1026,2175450,0.04390943561080761,0,0,0.0,stream: words=524288 passes=2 checksum=8dd97a8432780000
page_64KiB_chase4m,page,64KiB,chase4m,0,5126955,129384435,25.236116759363014,0.0396257478729957,64.692,6.36,1026016,603820,0.5885093409849359,603820,189.65082971799998,2.0,113.61128481458647,117.77361026184158,602796,102714,6915011,114,1.6e-05,603934,570873,0.9452572632108807,194.12069409400002,111.34737870724436,0,0,570873,69653,40993664,91.82003999999999,1026090,1264,0.0012318607529553938,0.24654010031295379,6915011,1,70,177950,0.0013753586356813321,0,0,0.0,chase: footprint_kib=4096 nodes=65536 hops=500000 final=60
page_64KiB_matmul,page,64KiB,matmul,0,6862544,24725015,3.602893475072801,0.27755469511343067,12.363000000000001,4.18,1881623,117553,0.062474257595703284,117553,30.812850374,2.0,3.9250099515231383,17.129653376357222,116529,116515,8772130,117,1.3e-05,117670,3632,0.030865981133678933,180.95759911800002,0.5292497942453994,0,0,3632,0,232448,78.81855999999999,1881635,14,7.440337791335727e-06,0.002040059779580284,8772130,1,6,12450,0.0005035386227268214,0,0,0.0,matmul: n=96 block=0 checksum=219826053362
page_64KiB_pagewalk,page,64KiB,pagewalk,0,4025260,11278039,2.8018162801905966,0.3569113389304648,5.639,1.84,505655,603,0.001192512681571427,603,189.174129354,2.0,2.2255925482798786,0.14980398781693605,0,0,5032352,122,2.4e-05,727,727,1.0,178.235213204,0.18060945131494613,0,0,727,0,46528,76.14374000000001,505699,73,0.00014435464574776697,0.018135474478667216,5032352,2,34,70250,0.006228919761671333,0,0,0.0,pagewalk: pages=512 hops=500000 final=200
page_64KiB_stream,page,64KiB,stream,0,6820444,47287637,6.933219743465381,0.1442331322243909,23.644,4.11,1574368,196674,0.12492250858757292,196674,156.267874758,2.0,21.521374926418027,28.835952615401578,195650,65556,6821871,112,1.6e-05,196786,196786,1.0,151.265064588,28.852373833726954,0,0,196786,65556,16789888,49.74768,1574435,264,0.0001676791992047941,0.038707157481243155,6821871,1,65,137950,0.0029172529809429896,0,0,0.0,stream: words=524288 passes=2 checksum=8dd97a8432780000
pagenf_16KiB_chase4m,pagenf,16KiB,chase4m,0,5126955,141794835,27.65673484553697,0.03615755820725064,70.897,6.93,1026016,603820,0.5885093409849359,603820,189.416230002,2.0,113.47322069032806,117.77361026184158,602796,102805,6915215,114,1.6e-05,603934,570782,0.9451065844943322,193.900091454,111.32962938040221,0,0,570782,69653,40987840,91.60728,1026294,424320,0.413448777835591,82.76257544682954,6915215,2,274,12729660,0.08977520231960494,0,0,0.0,chase: footprint_kib=4096 nodes=65536 hops=500000 final=60
pagenf_16KiB_pagewalk,pagenf,16KiB,pagewalk,0,4025284,20365193,5.05931829903182,0.19765508728544826,10.183,2.13,505664,603,0.001192491456777623,603,190.679933666,2.0,2.227384191875629,0.14980309463878821,0,0,5032577,122,2.4e-05,727,727,1.0,180.265474552,0.1806083744650067,0,0,727,0,46528,78.15888000000001,505804,305176,0.6033483325556935,75.81477480843587,5032577,6,130,9155460,0.4495641165787135,0,0,0.0,pagewalk: pages=512 hops=500000 final=200
pagenf_256KiB_chase4m,pagenf,256KiB,chase4m,0,5126955,129171453,25.194575142555376,0.03969108406638423,64.586,6.07,1026016,603820,0.5885093409849359,603820,189.590106324,2.0,113.57554853000117,117.77361026184158,602796,102811,6914960,114,1.6e-05,603934,570776,0.9450966496339004,194.086762582,111.32845909511592,0,0,570776,69653,40987456,91.78811999999999,1026039,40,3.8984872894695034e-05,0.007801901908637778,6914960,1,19,1230,9.522227794402839e-06,0,0,0.0,chase: footprint_kib=4096 nodes=65536 hops=500000 final=60
pagenf_256KiB_pagewalk,pagenf,256KiB,pagewalk,0,4025274,11210459,2.78501761619209,0.35906415607068365,5.6049999999999995,2.15,505664,603,0.001192491456777623,603,192.441127694,2.0,2.229484400707747,0.14980346679505543,0,0,5032322,122,2.4e-05,727,727,1.0,181.01650618999997,0.18060882315092092,0,0,727,0,46528,78.90166,505684,22,4.350543026870536e-05,0.005465466450234195,5032322,1,10,690,6.154966536160562e-05,0,0,0.0,pagewalk: pages=512 hops=500000 final=200
pagenf_2MiB_chase4m,pagenf,2MiB,chase4m,0,5126955,129178203,25.19589171350246,0.03968901007238814,64.589,5.98,1026016,603820,0.5885093409849359,603820,189.602808784,2.0,113.58302404636466,117.77361026184158,602796,102811,6914945,114,1.6e-05,603934,570776,0.9450966496339004,194.100217948,111.32845909511592,0,0,570776,69653,40987456,91.78892,1026024,10,9.746360708911292e-06,0.0019504754771594445,6914945,1,4,330,2.5546105483445995e-06,0,0,0.0,chase: footprint_kib=4096 nodes=65536 hops=500000 final=60
pagenf_2MiB_pagewalk,pagenf,2MiB,pagewalk,0,4025274,11209569,2.784796513231149,0.3590926644904902,5.6049999999999995,2.12,505664,603,0.001192491456777623,603,192.354892206,2.0,2.2293815656250358,0.14980346679505543,0,0,5032308,122,2.4e-05,727,727,1.0,180.40852819800003,0.18060882315092092,0,0,727,0,46528,78.28748,505677,8,1.5820375457060534e-05,0.0019874423455397074,5032308,1,3,270,2.4086563899111555e-05,0,0,0.0,pagewalk: pages=512 hops=500000 final=200
pagenf_4KiB_chase4m,pagenf,4KiB,chase4m,0,5126955,144739739,28.231131148995846,0.0354218892159257,72.37,6.95,1026016,603820,0.5885093409849359,603820,188.943777948,2.0,113.19517824338153,117.77361026184158,602796,102848,6916033,114,1.6e-05,603934,570739,0.9450353846612378,193.41418231400002,111.32124233585043,0,0,570739,69653,40985088,91.12972,1027111,531919,0.5178787881738196,103.74949653351746,6916033,4,1091,15957690,0.11025092424686492,0,0,0.0,chase: footprint_kib=4096 nodes=65536 hops=500000 final=60
pagenf_4KiB_pagewalk,pagenf,4KiB,pagewalk,0,4025259,26229911,6.516328762944198,0.15346064269909265,13.115,2.18,505655,603,0.001192512681571427,603,170.31509121000002,2.0,2.203102906130919,0.14980402503292334,0,0,5033313,122,2.4e-05,727,727,1.0,162.77441540599997,0.18060949618397226,0,0,727,0,46528,60.99862,506180,501042,0.9898494606661662,124.47447481019233,5033313,6,515,15031440,0.5730648495147391,0,0,0.0,pagewalk: pages=512 hops=500000 final=200
pagenf_64KiB_chase4m,pagenf,64KiB,chase4m,0,5126955,129247273,25.2093636476232,0.03966780018639155,64.624,6.11,1026016,603820,0.5885093409849359,603820,189.655622536,2.0,113.61410543274913,117.77361026184158,602796,102714,6915011,114,1.6e-05,603934,570873,0.9452572632108807,194.12566542800002,111.34737870724436,0,0,570873,69653,40993664,91.81348,1026090,1264,0.0012318607529553938,0.24654010031295379,6915011,1,70,37950,0.0002936232163289047,0,0,0.0,chase: footprint_kib=4096 nodes=65536 hops=500000 final=60
pagenf_64KiB_pagewalk,pagenf,64KiB,pagewalk,0,4025260,11211751,2.7853482756393375,0.35902153017847077,5.606,1.93,505655,603,0.001192512681571427,603,192.749585406,2.0,2.22985632496429,0.14980398781693605,0,0,5032352,122,2.4e-05,727,727,1.0,180.590096286,0.18060945131494613,0,0,727,0,46528,78.48212,505699,73,0.00014435464574776697,0.018135474478667216,5032352,2,34,2250,0.0002006823019883335,0,0,0.0,pagewalk: pages=512 hops=500000 final=200
pf_none-none_chase,pf,none-none,chase,0,3160920,25343157,8.017652139250599,0.12472479257418481,12.671999999999999,2.87,632806,518448,0.8192842672161769,518448,31.590705336,2.0,27.88176787204693,164.01807068828063,517424,517411,4359367,114,2.6e-05,518562,17578,0.033897586016715456,186.73665946,5.561039191121572,0,0,17578,0,1124992,84.51386,633085,393614,0.6217395768340744,124.52513825088899,4359367,4,275,0,0.0,0,0,0.0,chase: footprint_kib=1024 nodes=16384 hops=500000 final=9930
pf_none-none_chase4m,pf,none-none,chase4m,0,5126955,128992765,25.15972248634911,0.03974606637821897,64.496,6.28,1026016,603540,0.5882364407572591,603540,189.3794181,2.0,113.39987485582486,117.71899694848112,602516,102568,6916033,114,1.6e-05,603654,570739,0.9454737316409731,193.795176078,111.32124233585043,0,0,570739,69653,40985088,91.49288,1027111,531919,0.5178787881738196,103.74949653351746,6916033,4,1091,0,0.0,0,0,0.0,chase: footprint_kib=4096 nodes=65536 hops=500000 final=60
pf_none-none_matmul,pf,none-none,matmul,0,6862544,24657977,3.5931247945368363,0.2783092870919622,12.328999999999999,3.95,1881623,119767,0.06365090137609924,119767,29.821912546,2.0,3.8981916143121027,17.452274258642277,118743,118729,8772200,117,1.3e-05,119884,3632,0.030295952754329183,151.107929516,0.5292497942453994,0,0,3632,0,232448,49.555339999999994,1881687,120,6.37725615365361e-05,0.017486226682116718,8772200,5,58,0,0.0,0,0,0.0,matmul: n=96 block=0 checksum=219826053362
pf_none-none_stream,pf,none-none,stream,0,6820444,47146867,6.912580324682675,0.14466378009804978,23.573,3.95,1574368,196674,0.12492250858757292,196674,156.243529902,2.0,21.5183337059353,28.835952615401578,195650,65556,6822833,112,1.6e-05,196786,196786,1.0,151.24095718200002,28.852373833726954,0,0,196786,65556,16789888,49.73364,1575396,4111,0.002609502626641175,0.6027466833537524,6822833,4,1026,0,0.0,0,0,0.0,stream: words=524288 passes=2 checksum=8dd97a8432780000
pf_none-none_stride,pf,none-none,stride,0,8766024,64970069,7.411577814525719,0.13492403709775957,32.485,6.91,1863851,1604169,0.86067448524587,1604169,26.32858134,2.0,24.660338192058518,182.99847228344345,1603145,1603132,11098754,112,1e-05,1604281,4264,0.0026578884871166584,148.136726078,0.4864234914255311,0,0,4264,0,272896,46.60518,1863919,142,7.618356806277526e-05,0.016198906140343673,11098754,4,66,0,0.0,0,0,0.0,stride: stride=32768 lines=8 iters=200000 checksum=1605600000
pf_none-stride_chase,pf,none-stride,chase,0,3160920,25211839,7.976107905293396,0.12537443222606648,12.606,3.17,632806,518448,0.8192842672161769,518448,31.338865228,2.0,27.675439233708506,164.01807068828063,517424,517411,4359367,114,2.6e-05,518562,16562,0.03193832174359093,188.97494264,5.239613783328904,0,0,17584,0,1125376,84.6526,633085,393614,0.6217395768340744,124.52513825088899,4359367,4,275,0,0.0,3959,1016,0.2566304622379389,chase: footprint_kib=1024 nodes=16384 hops=500000 final=9930
pf_none-stride_chase4m,pf,none-stride,chase4m,0,5126955,128167423,24.998741553222136,0.040002013616205735,64.084,6.6,1026016,603540,0.5882364407572591,603540,188.012602314,2.0,112.59586400269737,117.71899694848112,602516,102568,6916033,114,1.6e-05,603654,564869,0.9357496181587466,194.12970618,110.17631323075783,0,0,570754,69653,40986048,91.55978,1027111,531919,0.5178787881738196,103.74949653351746,6916033,4,1091,0,0.0,22910,5870,0.2562199912701877,chase: footprint_kib=4096 nodes=65536 hops=500000 final=60
pf_none-stride_matmul,pf,none-stride,matmul,0,6862544,24218399,3.5290701232662407,0.2833607622039756,12.109,4.05,1881623,119767,0.06365090137609924,119767,26.155877661999998,2.0,3.664845189469279,17.452274258642277,118743,118729,8772200,117,1.3e-05,119884,228,0.0019018384438290348,165.622807018,0.033223830696021764,0,0,3650,0,233600,52.46858,1881687,120,6.37725615365361e-05,0.017486226682116718,8772200,5,58,0,0.0,13295,3404,0.25603610379842046,matmul: n=96 block=0 checksum=219826053362
pf_none-stride_stream,pf,none-stride,stream,0,6820444,22330413,3.274040956864392,0.3054329537030954,11.165,4.27,1574368,196674,0.12492250858757292,196674,30.062946806,2.0,5.755538730540283,28.835952615401578,195650,65556,6822833,112,1.6e-05,196786,4445,0.022587988982956105,203.934308212,0.6517171022883554,0,0,196805,65556,16791104,62.18672,1575396,4111,0.002609502626641175,0.6027466833537524,6822833,4,1026,0,0.0,755739,192341,0.2545071777425804,stream: words=524288 passes=2 checksum=8dd97a8432780000
pf_none-stride_stride,pf,none-stride,stride,0,8766024,64461383,7.353548541505248,0.1359887671041746,32.231,7.22,1863851,1604169,0.86067448524587,1604169,26.011884033999998,2.0,24.387764901238214,182.99847228344345,1603145,1603132,11098754,112,1e-05,1604281,221,0.0001377564154908024,172.24434389200002,0.025210973640957406,0,0,4270,0,273280,54.33002,1863919,142,7.618356806277526e-05,0.016198906140343673,11098754,4,66,0,0.0,15779,4043,0.2562266303314532,stride: stride=32768 lines=8 iters=200000 checksum=1605600000
pf_none-tagged_chase,pf,none-tagged,chase,0,3160920,23396001,7.401642876124672,0.13510514040412291,11.698,3.11,632806,518448,0.8192842672161769,518448,27.856008702,2.0,24.821989676985517,164.01807068828063,517424,517411,4359367,114,2.6e-05,518562,5780,0.0111462081679722,188.156228374,1.8285815522063196,0,0,17638,0,1128832,86.0453,633085,393614,0.6217395768340744,124.52513825088899,4359367,4,275,0,0.0,34331,11798,0.3436544231161341,chase: footprint_kib=1024 nodes=16384 hops=500000 final=9930
pf_none-tagged_chase4m,pf,none-tagged,chase4m,0,5126955,93212435,18.18085686338187,0.05500290814203062,46.606,8.32,1026016,603540,0.5882364407572591,603540,130.11206216600002,2.0,78.53665634811509,117.71899694848112,602516,101466,6916033,114,1.6e-05,603654,361276,0.5984819118236606,194.94074336600002,70.46599784862555,0,0,1030111,69653,70384896,95.6777,1027111,531919,0.5178787881738196,103.74949653351746,6916033,4,1091,0,0.0,1116883,210565,0.18852914763677125,chase: footprint_kib=4096 nodes=65536 hops=500000 final=60
pf_none-tagged_matmul,pf,none-tagged,matmul,0,6862544,24201483,3.5266051481782847,0.2835588215813056,12.101,4.06,1881623,119767,0.06365090137609924,119767,26.100495128,2.0,3.6613200412596867,17.452274258642277,118743,118729,8772200,117,1.3e-05,119884,116,0.0009676020152814387,159.431034482,0.016903352459379496,0,0,3692,0,236288,50.761720000000004,1881687,120,6.37725615365361e-05,0.017486226682116718,8772200,5,58,0,0.0,7090,3516,0.49590973201692523,matmul: n=96 block=0 checksum=219826053362
pf_none-tagged_stream,pf,none-tagged,stream,0,6820444,23093407,3.3859096269978903,0.2953416098369548,11.547,4.27,1574368,196674,0.12492250858757292,196674,33.990227484,2.0,6.246144484763548,28.835952615401578,195650,65556,6822833,112,1.6e-05,196786,8598,0.04369213257040643,204.31158409,1.2606217425141237,0,0,196859,65556,16794560,58.40432,1575396,4111,0.002609502626641175,0.6027466833537524,6822833,4,1026,0,0.0,384343,188188,0.4896355599035237,stream: words=524288 passes=2 checksum=8dd97a8432780000
pf_none-tagged_stride,pf,none-tagged,stride,0,8766024,64444229,7.351591668012773,0.13602496509035744,32.222,7.2,1863851,1604169,0.86067448524587,1604169,26.007896924,2.0,24.384333297391347,182.99847228344345,1603145,1603132,11098754,112,1e-05,1604281,126,7.853985679566111e-05,150.134920634,0.014373677279459878,0,0,4317,0,276288,49.72104,1863919,142,7.618356806277526e-05,0.016198906140343673,11098754,4,66,0,0.0,8325,4138,0.49705705705705705,stride: stride=32768 lines=8 iters=200000 checksum=1605600000
pf_stride-none_chase,pf,stride-none,chase,0,3160920,25163381,7.960777558432355,0.1256158701408209,12.581999999999999,3.06,632806,516514,0.8162280382929366,518480,31.354065912,2.0,27.59206771185919,163.4062235045493,517456,517432,4359367,114,2.6e-05,518594,17584,0.03390706410024027,186.765709964,5.562937372663655,0,0,17584,0,1125376,84.3719,633085,393614,0.6217395768340744,124.52513825088899,4359367,4,275,0,0.0,7537,1940,0.25739684224492504,chase: footprint_kib=1024 nodes=16384 hops=500000 final=9930
pf_stride-none_chase4m,pf,stride-none,chase4m,0,5126955,127918263,24.950143506233232,0.04007992979079148,63.959,6.53,1026016,594507,0.5794324844836728,603604,190.419793206,2.0,112.33541387221979,115.95713244996298,602580,102607,6916033,114,1.6e-05,603718,570750,0.9453917226254642,193.884457392,111.3233878588753,0,0,570750,69653,40985792,91.56156,1027111,531919,0.5178787881738196,103.74949653351746,6916033,4,1091,0,0.0,35209,9055,0.2571785622994121,chase: footprint_kib=4096 nodes=65536 hops=500000 final=60
pf_stride-none_matmul,pf,stride-none,matmul,0,6862544,22139989,3.226207219946422,0.3099614909474436,11.07,4.11,1881623,31565,0.016775411440017474,121595,27.795723112,2.0,2.466284691476603,4.599606210175119,120571,120150,8772200,117,1.3e-05,121712,3654,0.030021690548179308,153.664061302,0.5324556024704541,0,0,3654,0,233856,49.347879999999996,1881687,120,6.37725615365361e-05,0.017486226682116718,8772200,5,58,0,0.0,245694,88860,0.3616693936359862,matmul: n=96 block=0 checksum=219826053362
pf_stride-none_stream,pf,stride-none,stream,0,6820444,18207697,2.6695764967793885,0.374591251161528,9.104,4.42,1574368,8034,0.005103000060976849,196693,175.774707494,2.0,2.89697834306007,1.1779291788041952,195669,65556,6822833,112,1.6e-05,196805,196805,1.0,159.445572744,28.855159576121437,0,0,196805,65556,16791104,55.363099999999996,1575396,4111,0.002609502626641175,0.6027466833537524,6822833,4,1026,0,0.0,665395,188640,0.2835007777335267,stream: words=524288 passes=2 checksum=8dd97a8432780000
pf_stride-none_stride,pf,stride-none,stride,0,8766024,64360493,7.342039332769337,0.13620193990745222,32.18,7.49,1863851,1600128,0.85850639348317,1604172,26.00975797,2.0,24.32954351019484,182.53748791926648,1603148,1603132,11098754,112,1e-05,1604284,4266,0.0026591301789458724,153.723146742,0.48665164503314157,0,0,4266,0,273024,49.36236,1863919,142,7.618356806277526e-05,0.016198906140343673,11098754,4,66,0,0.0,15768,4041,0.2562785388127854,stride: stride=32768 lines=8 iters=200000 checksum=1605600000
pf_stride-stride_chase,pf,stride-stride,chase,0,3160920,25163229,7.960729471166623,0.12561662893104855,12.581999999999999,3.29,632806,516514,0.8162280382929366,518480,31.353837456,2.0,27.591881239666478,163.4062235045493,517456,517432,4359367,114,2.6e-05,518594,16597,0.032003841155123273,188.79297114000002,5.250686508991053,0,0,17591,0,1125824,84.3953,633085,393614,0.6217395768340744,124.52513825088899,4359367,4,275,0,0.0,11455,2927,0.2555216062854649,chase: footprint_kib=1024 nodes=16384 hops=500000 final=9930
pf_stride-stride_chase4m,pf,stride-stride,chase4m,0,5126955,127918263,24.950143506233232,0.04007992979079148,63.959,6.53,1026016,594507,0.5794324844836728,603604,190.419793206,2.0,112.33541387221979,115.95713244996298,602580,102607,6916033,114,1.6e-05,603718,565017,0.9358955671356495,194.154579746,110.20518026781978,0,0,570763,69653,40986624,91.60248,1027111,531919,0.5178787881738196,103.74949653351746,6916033,4,1091,0,0.0,57788,14788,0.25590087907524056,chase: footprint_kib=4096 nodes=65536 hops=500000 final=60
pf_stride-stride_matmul,pf,stride-stride,matmul,0,6862544,22141907,3.2264867081362247,0.30993464113095587,11.071,4.31,1881623,31564,0.016774879983928768,121595,27.868837916,2.0,2.4674964113324633,4.599460491619435,120571,120150,8772200,117,1.3e-05,121712,315,0.002588076771394768,174.45683809599998,0.04590134504055639,0,0,3670,0,234880,54.40232,1881687,120,6.37725615365361e-05,0.017486226682116718,8772200,5,58,0,0.0,258797,92200,0.3562637897657237,matmul: n=96 block=0 checksum=219826053362
pf_stride-stride_stream,pf,stride-stride,stream,0,6820444,17514039,2.567873733733464,0.38942724747843716,8.757,4.71,1574368,3609,0.0022923484217158884,196693,196.856747022,2.0,2.4512642533400055,0.5291444369310854,195669,65556,6822833,112,1.6e-05,196805,11840,0.06016107314346689,185.58436233199998,1.7359573658254506,0,0,196821,65556,16792128,67.39622,1575396,4111,0.002609502626641175,0.6027466833537524,6822833,4,1026,0,0.0,1496848,378030,0.2525506931899565,stream: words=524288 passes=2 checksum=8dd97a8432780000
pf_stride-stride_stride,pf,stride-stride,stride,0,8766024,64363231,7.342351675058157,0.136196145901998,32.182,7.63,1863851,1600128,0.85850639348317,1604172,26.010955374,2.0,24.330571489184422,182.53748791926648,1603148,1603132,11098754,112,1e-05,1604284,303,0.00018886930244270964,172.369445544,0.03456527155298685,0,0,4273,0,273472,52.99028,1863919,142,7.618356806277526e-05,0.016198906140343673,11098754,4,66,0,0.0,31304,8004,0.25568617429082546,stride: stride=32768 lines=8 iters=200000 checksum=1605600000
pf_tagged-none_chase,pf,tagged-none,chase,0,3160920,22955069,7.262148045505739,0.13770030488690754,11.478,5.04,632806,494933,0.7821243793516497,1462180,28.171508062,2.0,24.033623258391746,156.57878086126823,1461156,1446045,4359367,114,2.6e-05,1462294,17603,0.012037934915960813,172.618996422,5.56894828088025,0,0,17603,0,1126592,69.17448,633085,393614,0.6217395768340744,124.52513825088899,4359367,4,275,0,0.0,1012669,23547,0.023252415152433818,chase: footprint_kib=1024 nodes=16384 hops=500000 final=9930
pf_tagged-none_chase4m,pf,tagged-none,chase4m,0,5126955,95206669,18.56982731465363,0.053850796943646875,47.603,10.28,1026016,588875,0.5739432913326887,1684712,136.672711526,2.0,80.44238588859554,114.85862466122678,1683687,177378,6916033,114,1.6e-05,1684826,1029719,0.6111723109686104,184.552928464,200.8441657865146,0,0,1029719,69653,70359808,81.13126,1027111,531919,0.5178787881738196,103.74949653351746,6916033,4,1091,0,0.0,1142870,23617,0.020664642522771618,chase: footprint_kib=4096 nodes=65536 hops=500000 final=60
pf_tagged-none_matmul,pf,tagged-none,matmul,0,6862544,21629071,3.1517569869133077,0.3172833451792728,10.815,4.16,1881623,11419,0.006068697076938367,138205,28.610648918,2.0,2.1736293614579765,1.6639601873590901,137181,136946,8772200,117,1.3e-05,138322,3659,0.026452769624499356,153.584904618,0.5331841952488756,0,0,3659,0,234176,49.20436,1881687,120,6.37725615365361e-05,0.017486226682116718,8772200,5,58,0,0.0,237522,110181,0.46387703033824235,matmul: n=96 block=0 checksum=219826053362
pf_tagged-none_stream,pf,tagged-none,stream,0,6820444,18913201,2.7730160968992634,0.36061817351806286,9.457,4.27,1574368,13311,0.008454821236203988,196713,159.93403951599998,2.0,3.3522137136917642,1.9516324743667715,195688,65556,6822833,112,1.6e-05,196825,196825,1.0,158.484803354,28.858091936536685,0,0,196825,65556,16792384,54.06496,1575396,4111,0.002609502626641175,0.6027466833537524,6822833,4,1026,0,0.0,384125,183363,0.4773524243410348,stream: words=524288 passes=2 checksum=8dd97a8432780000
pf_tagged-none_stride,pf,tagged-none,stride,0,8766024,64757817,7.38736478476445,0.13536626782833028,32.379,12.82,1863851,1600106,0.8584945899645412,4804219,26.258359134,2.0,24.542659257884996,182.53497822958275,4803195,4803170,11098754,112,1e-05,4804331,4286,0.0008921117216944461,153.333876808,0.48893318110924633,0,0,4286,0,274304,48.916199999999996,1863919,142,7.618356806277526e-05,0.016198906140343673,11098754,4,66,0,0.0,3208140,4063,0.0012664659272974372,stride: stride=32768 lines=8 iters=200000 checksum=1605600000
pfdeg_stride1_matmul,pfdeg,stride1,matmul,0,6862544,24215107,3.528590417780928,0.2833992845870968,12.108,4.03,1881623,119767,0.06365090137609924,119767,26.132883014,2.0,3.663381559397253,17.452274258642277,118743,118729,8772200,117,1.3e-05,119884,233,0.0019435454272463382,148.39055794,0.0339524234744433,0,0,3636,0,232704,49.835800000000006,1881687,120,6.37725615365361e-05,0.017486226682116718,8772200,5,58,0,0.0,3406,3399,0.9979448032883147,matmul: n=96 block=0 checksum=219826053362
pfdeg_stride1_stream,pfdeg,stride1,stream,0,6820444,25117871,3.6827325317823885,0.27153750411410266,12.559000000000001,4.22,1574368,196674,0.12492250858757292,196674,44.237997906,2.0,7.526321673309318,28.835952615401578,195650,65556,6822833,112,1.6e-05,196786,16350,0.0830851788236968,164.48116208000002,2.3972046394633546,0,0,196791,65556,16790208,55.278220000000005,1575396,4111,0.002609502626641175,0.6027466833537524,6822833,4,1026,0,0.0,193544,180436,0.9322737982060927,stream: words=524288 passes=2 checksum=8dd97a8432780000
pfdeg_stride2_matmul,pfdeg,stride2,matmul,0,6862544,24215107,3.528590417780928,0.2833992845870968,12.108,3.98,1881623,119767,0.06365090137609924,119767,26.132883014,2.0,3.663381559397253,17.452274258642277,118743,118729,8772200,117,1.3e-05,119884,231,0.0019268626338794167,149.493506494,0.033660986363074685,0,0,3641,0,233024,50.027120000000004,1881687,120,6.37725615365361e-05,0.017486226682116718,8772200,5,58,0,0.0,6757,3401,0.5033298801243156,matmul: n=96 block=0 checksum=219826053362
pfdeg_stride2_stream,pfdeg,stride2,stream,0,6820444,23103107,3.3873318217992847,0.2952176086099588,11.552,4.21,1574368,196674,0.12492250858757292,196674,33.994488342,2.0,6.246676761833642,28.835952615401578,195650,65556,6822833,112,1.6e-05,196786,8688,0.04414948217861027,203.526358196,1.2738173643827293,0,0,196796,65556,16790528,58.38194,1575396,4111,0.002609502626641175,0.6027466833537524,6822833,4,1026,0,0.0,384015,188098,0.4898194080960379,stream: words=524288 passes=2 checksum=8dd97a8432780000
pfdeg_stride4_matmul,pfdeg,stride4,matmul,0,6862544,24218399,3.5290701232662407,0.2833607622039756,12.109,3.79,1881623,119767,0.06365090137609924,119767,26.155877661999998,2.0,3.664845189469279,17.452274258642277,118743,118729,8772200,117,1.3e-05,119884,228,0.0019018384438290348,165.622807018,0.033223830696021764,0,0,3650,0,233600,52.46858,1881687,120,6.37725615365361e-05,0.017486226682116718,8772200,5,58,0,0.0,13295,3404,0.25603610379842046,matmul: n=96 block=0 checksum=219826053362
pfdeg_stride4_stream,pfdeg,stride4,stream,0,6820444,22330413,3.274040956864392,0.3054329537030954,11.165,4.15,1574368,196674,0.12492250858757292,196674,30.062946806,2.0,5.755538730540283,28.835952615401578,195650,65556,6822833,112,1.6e-05,196786,4445,0.022587988982956105,203.934308212,0.6517171022883554,0,0,196805,65556,16791104,62.18672,1575396,4111,0.002609502626641175,0.6027466833537524,6822833,4,1026,0,0.0,755739,192341,0.2545071777425804,stream: words=524288 passes=2 checksum=8dd97a8432780000
pfdeg_stride8_matmul,pfdeg,stride8,matmul,0,6862544,24220733,3.5294102303752077,0.2833334565060438,12.11,3.67,1881623,119767,0.06365090137609924,119767,26.175782978,2.0,3.6661121807748556,17.452274258642277,118743,118729,8772200,117,1.3e-05,119884,225,0.0018768142537786527,177.924444444,0.03278667502896885,0,0,3669,0,234816,59.11462,1881687,120,6.37725615365361e-05,0.017486226682116718,8772200,5,58,0,0.0,25723,3407,0.13244955876064224,matmul: n=96 block=0 checksum=219826053362
pfdeg_stride8_stream,pfdeg,stride8,stream,0,6820444,22266087,3.264609606060837,0.3063153395565193,11.133000000000001,4.1,1574368,196674,0.12492250858757292,196674,29.736152212,2.0,5.714714730064946,28.835952615401578,195650,65556,6822833,112,1.6e-05,196786,3287,0.016703424024066754,248.784910252,0.48193343424562973,0,0,196825,65556,16792384,68.86844,1575396,4111,0.002609502626641175,0.6027466833537524,6822833,4,1026,0,0.0,1462323,193499,0.13232302302569268,stream: words=524288 passes=2 checksum=8dd97a8432780000
repl_fifo_chase,repl,fifo,chase,0,3160920,25343157,8.017652139250599,0.12472479257418481,12.671999999999999,3.14,632806,518472,0.8193221935316669,518472,31.589335586,2.0,27.881843724529464,164.02566341444896,517448,517435,4359367,114,2.6e-05,518586,17578,0.033896017246898294,186.703891228,5.561039191121572,0,0,17578,0,1124992,84.48102,633085,393614,0.6217395768340744,124.52513825088899,4359367,4,275,0,0.0,0,0,0.0,chase: footprint_kib=1024 nodes=16384 hops=500000 final=9930
repl_fifo_chase4m,repl,fifo,chase4m,0,5126955,128992765,25.15972248634911,0.03974606637821897,64.496,6.25,1026016,603649,0.588342676917319,603649,189.345583278,2.0,113.40008732824967,117.74025713118215,602625,102677,6916033,114,1.6e-05,603763,570739,0.9453030410939391,193.790115972,111.32124233585043,0,0,570739,69653,40985088,91.48766,1027111,531919,0.5178787881738196,103.74949653351746,6916033,4,1091,0,0.0,0,0,0.0,chase: footprint_kib=4096 nodes=65536 hops=500000 final=60
repl_fifo_matmul,repl,fifo,matmul,0,6862544,24642599,3.590883934587523,0.2784829635867548,12.321,4.45,1881623,119130,0.06331236384759327,119130,29.845958195999998,2.0,3.8896181646852104,17.359451538671372,118106,118092,8772200,117,1.3e-05,119247,3632,0.030457789294489588,150.96475771000001,0.5292497942453994,0,0,3632,0,232448,49.41204,1881687,120,6.37725615365361e-05,0.017486226682116718,8772200,5,58,0,0.0,0,0,0.0,matmul: n=96 block=0 checksum=219826053362
repl_fifo_stride,repl,fifo,stride,0,8766024,64970069,7.411577814525719,0.13492403709775957,32.485,7.42,1863851,1604169,0.86067448524587,1604169,26.32858134,2.0,24.660338192058518,182.99847228344345,1603145,1603132,11098754,112,1e-05,1604281,4264,0.0026578884871166584,148.136726078,0.4864234914255311,0,0,4264,0,272896,46.60518,1863919,142,7.618356806277526e-05,0.016198906140343673,11098754,4,66,0,0.0,0,0,0.0,stride: stride=32768 lines=8 iters=200000 checksum=1605600000
repl_lru_chase,repl,lru,chase,0,3160920,25343157,8.017652139250599,0.12472479257418481,12.671999999999999,3.24,632806,518448,0.8192842672161769,518448,31.590705336,2.0,27.88176787204693,164.01807068828063,517424,517411,4359367,114,2.6e-05,518562,17578,0.033897586016715456,186.73665946,5.561039191121572,0,0,17578,0,1124992,84.51386,633085,393614,0.6217395768340744,124.52513825088899,4359367,4,275,0,0.0,0,0,0.0,chase: footprint_kib=1024 nodes=16384 hops=500000 final=9930
repl_lru_chase4m,repl,lru,chase4m,0,5126955,128992765,25.15972248634911,0.03974606637821897,64.496,6.85,1026016,603540,0.5882364407572591,603540,189.3794181,2.0,113.39987485582486,117.71899694848112,602516,102568,6916033,114,1.6e-05,603654,570739,0.9454737316409731,193.795176078,111.32124233585043,0,0,570739,69653,40985088,91.49288,1027111,531919,0.5178787881738196,103.74949653351746,6916033,4,1091,0,0.0,0,0,0.0,chase: footprint_kib=4096 nodes=65536 hops=500000 final=60
repl_lru_matmul,repl,lru,matmul,0,6862544,24657977,3.5931247945368363,0.2783092870919622,12.328999999999999,4.42,1881623,119767,0.06365090137609924,119767,29.821912546,2.0,3.8981916143121027,17.452274258642277,118743,118729,8772200,117,1.3e-05,119884,3632,0.030295952754329183,151.107929516,0.5292497942453994,0,0,3632,0,232448,49.555339999999994,1881687,120,6.37725615365361e-05,0.017486226682116718,8772200,5,58,0,0.0,0,0,0.0,matmul: n=96 block=0 checksum=219826053362
repl_lru_stride,repl,lru,stride,0,8766024,64970069,7.411577814525719,0.13492403709775957,32.485,7.46,1863851,1604169,0.86067448524587,1604169,26.32858134,2.0,24.660338192058518,182.99847228344345,1603145,1603132,11098754,112,1e-05,1604281,4264,0.0026578884871166584,148.136726078,0.4864234914255311,0,0,4264,0,272896,46.60518,1863919,142,7.618356806277526e-05,0.016198906140343673,11098754,4,66,0,0.0,0,0,0.0,stride: stride=32768 lines=8 iters=200000 checksum=1605600000
repl_nru_chase,repl,nru,chase,0,3160920,25343157,8.017652139250599,0.12472479257418481,12.671999999999999,2.83,632806,518472,0.8193221935316669,518472,31.589335586,2.0,27.881843724529464,164.02566341444896,517448,517435,4359367,114,2.6e-05,518586,17578,0.033896017246898294,186.703891228,5.561039191121572,0,0,17578,0,1124992,84.48102,633085,393614,0.6217395768340744,124.52513825088899,4359367,4,275,0,0.0,0,0,0.0,chase: footprint_kib=1024 nodes=16384 hops=500000 final=9930
repl_nru_chase4m,repl,nru,chase4m,0,5126955,128917527,25.145047498954057,0.039769262716310094,64.459,5.27,1026016,603617,0.5883114883198702,603617,189.231161482,2.0,113.32686624797313,117.73401560965524,602593,102739,6916033,114,1.6e-05,603731,570389,0.9447734173000889,193.76582122000002,111.25297569414984,0,0,570389,69641,40961920,91.46616,1027111,531919,0.5178787881738196,103.74949653351746,6916033,4,1091,0,0.0,0,0,0.0,chase: footprint_kib=4096 nodes=65536 hops=500000 final=60
repl_nru_matmul,repl,nru,matmul,0,6862544,24659299,3.593317434467451,0.2782943667620073,12.33,4.17,1881623,119838,0.06368863475839741,119838,29.820249002,2.0,3.899210947092843,17.462620276095862,118814,118800,8772200,117,1.3e-05,119955,3632,0.030278020924513357,150.982929516,0.5292497942453994,0,0,3632,0,232448,49.430620000000005,1881687,120,6.37725615365361e-05,0.017486226682116718,8772200,5,58,0,0.0,0,0,0.0,matmul: n=96 block=0 checksum=219826053362
repl_nru_stride,repl,nru,stride,0,8766024,64970069,7.411577814525719,0.13492403709775957,32.485,6.0,1863851,1604169,0.86067448524587,1604169,26.32858134,2.0,24.660338192058518,182.99847228344345,1603145,1603132,11098754,112,1e-05,1604281,4264,0.0026578884871166584,148.136726078,0.4864234914255311,0,0,4264,0,272896,46.60518,1863919,142,7.618356806277526e-05,0.016198906140343673,11098754,4,66,0,0.0,0,0,0.0,stride: stride=32768 lines=8 iters=200000 checksum=1605600000
repl_random_chase,repl,random,chase,0,3160920,25343583,8.017786910140085,0.12472269607655713,12.671999999999999,3.19,632806,518491,0.8193522185314298,518491,31.58873346,2.0,27.88229884104901,164.03167432266557,517467,517454,4359367,114,2.6e-05,518605,17578,0.03389477540710174,186.702184548,5.561039191121572,0,0,17578,0,1124992,84.4797,633085,393614,0.6217395768340744,124.52513825088899,4359367,4,275,0,0.0,0,0,0.0,chase: footprint_kib=1024 nodes=16384 hops=500000 final=9930
repl_random_chase4m,repl,random,chase4m,0,5126955,112448051,21.932716592987454,0.045593987218151076,56.224000000000004,6.35,1026016,604016,0.5887003711443096,604016,161.841020768,2.0,97.27586899249552,117.81183958119391,602992,119212,6916033,114,1.6e-05,604130,475126,0.7864631784549683,193.720065836,92.67216115608582,0,0,475126,69652,34865792,91.4395,1027111,531919,0.5178787881738196,103.74949653351746,6916033,4,1091,0,0.0,0,0,0.0,chase: footprint_kib=4096 nodes=65536 hops=500000 final=60
repl_random_matmul,repl,random,matmul,0,6862544,25126475,3.6613936464378223,0.27312004568886006,12.562999999999999,4.41,1881623,139265,0.07401323219369661,139265,29.294603812000002,2.0,4.168188313959906,20.293494657374875,138241,138227,8772200,117,1.3e-05,139382,3632,0.026057884088332782,150.97962555,0.5292497942453994,0,0,3632,0,232448,49.42704,1881687,120,6.37725615365361e-05,0.017486226682116718,8772200,5,58,0,0.0,0,0,0.0,matmul: n=96 block=0 checksum=219826053362
repl_random_stride,repl,random,stride,0,8766024,64983567,7.413117623223482,0.13489601147933292,32.492,7.56,1863851,1591703,0.8539861823718742,1591703,26.527842192,2.0,24.654410680109613,181.57639084720736,1590679,1590666,11098754,112,1e-05,1591815,4264,0.0026787032412686146,148.039634146,0.4864234914255311,0,0,4264,0,272896,46.508199999999995,1863919,142,7.618356806277526e-05,0.016198906140343673,11098754,4,66,0,0.0,0,0,0.0,stride: stride=32768 lines=8 iters=200000 checksum=1605600000
repl_rrip_chase,repl,rrip,chase,0,3160920,25040695,7.921964174987029,0.12623132065623577,12.52,3.05,632806,505844,0.7993666305313161,505844,31.730284436,2.0,27.36413055540558,160.0306239955456,504820,504807,4359367,114,2.6e-05,505958,17578,0.034742014159278044,186.738593696,5.561039191121572,0,0,17578,0,1124992,84.51582,633085,393614,0.6217395768340744,124.52513825088899,4359367,4,275,0,0.0,0,0,0.0,chase: footprint_kib=1024 nodes=16384 hops=500000 final=9930
repl_rrip_chase4m,repl,rrip,chase4m,0,5126955,123745903,24.136334920045133,0.04143131106328425,61.873,5.98,1026016,604117,0.5887988101550073,604117,180.515539208,2.0,108.28733470015999,117.83153938351322,603093,115494,6916033,114,1.6e-05,604231,540746,0.8949325671804327,193.650338606,105.4711812372061,0,0,540746,68399,38985280,91.38426,1027111,531919,0.5178787881738196,103.74949653351746,6916033,4,1091,0,0.0,0,0,0.0,chase: footprint_kib=4096 nodes=65536 hops=500000 final=60
repl_rrip_matmul,repl,rrip,matmul,0,6862544,33285143,4.850262963705588,0.20617438837501764,16.643,4.75,1881623,479251,0.2547008619686303,479251,26.95441637,2.0,8.865313083300359,69.83576353025933,478227,478213,8772200,117,1.3e-05,479368,3632,0.007576642579396205,151.07599119,0.5292497942453994,0,0,3632,0,232448,49.523120000000006,1881687,120,6.37725615365361e-05,0.017486226682116718,8772200,5,58,0,0.0,0,0,0.0,matmul: n=96 block=0 checksum=219826053362
repl_rrip_stride,repl,rrip,stride,0,8766024,60170135,6.864016685329632,0.14568729154421875,30.085,6.5,1863851,1404184,0.753377818291269,1404184,26.375477858,2.0,21.870699965049713,160.1848226744531,1403160,1403147,11098754,112,1e-05,1404296,4264,0.0030363968849872105,148.02837711,0.4864234914255311,0,0,4264,0,272896,46.4973,1863919,142,7.618356806277526e-05,0.016198906140343673,11098754,4,66,0,0.0,0,0,0.0,stride: stride=32768 lines=8 iters=200000 checksum=1605600000
repl_treeplru_chase,repl,treeplru,chase,0,3160920,25343157,8.017652139250599,0.12472479257418481,12.671999999999999,3.43,632806,518448,0.8192842672161769,518448,31.590705336,2.0,27.88176787204693,164.01807068828063,517424,517411,4359367,114,2.6e-05,518562,17578,0.033897586016715456,186.73665946,5.561039191121572,0,0,17578,0,1124992,84.51386,633085,393614,0.6217395768340744,124.52513825088899,4359367,4,275,0,0.0,0,0,0.0,chase: footprint_kib=1024 nodes=16384 hops=500000 final=9930
repl_treeplru_chase4m,repl,treeplru,chase4m,0,5126955,128992765,25.15972248634911,0.03974606637821897,64.496,6.99,1026016,603540,0.5882364407572591,603540,189.3794181,2.0,113.39987485582486,117.71899694848112,602516,102565,6916033,114,1.6e-05,603654,570742,0.9454787013752911,193.79426781200002,111.32182747849357,0,0,570742,69653,40985280,91.50102000000001,1027111,531919,0.5178787881738196,103.74949653351746,6916033,4,1091,0,0.0,0,0,0.0,chase: footprint_kib=4096 nodes=65536 hops=500000 final=60
repl_treeplru_matmul,repl,treeplru,matmul,0,6862544,24657977,3.5931247945368363,0.2783092870919622,12.328999999999999,4.48,1881623,119767,0.06365090137609924,119767,29.821912546,2.0,3.8981916143121027,17.452274258642277,118743,118729,8772200,117,1.3e-05,119884,3632,0.030295952754329183,151.107929516,0.5292497942453994,0,0,3632,0,232448,49.555339999999994,1881687,120,6.37725615365361e-05,0.017486226682116718,8772200,5,58,0,0.0,0,0,0.0,matmul: n=96 block=0 checksum=219826053362
repl_treeplru_stride,repl,treeplru,stride,0,8766024,64970069,7.411577814525719,0.13492403709775957,32.485,7.56,1863851,1604169,0.86067448524587,1604169,26.32858134,2.0,24.660338192058518,182.99847228344345,1603145,1603132,11098754,112,1e-05,1604281,4264,0.0026578884871166584,148.136726078,0.4864234914255311,0,0,4264,0,272896,46.60518,1863919,142,7.618356806277526e-05,0.016198906140343673,11098754,4,66,0,0.0,0,0,0.0,stride: stride=32768 lines=8 iters=200000 checksum=1605600000
stock_default_chase,stock,default,chase,0,3160920,25343157,8.017652139250599,0.12472479257418481,12.671999999999999,2.39,632806,518448,0.8192842672161769,518448,31.590705336,2.0,27.88176787204693,164.01807068828063,517424,517411,4359367,114,2.6e-05,518562,17578,0.033897586016715456,186.73665946,5.561039191121572,0,0,17578,0,1124992,84.51386,633085,393614,0.6217395768340744,124.52513825088899,4359367,4,275,0,0.0,0,0,0.0,chase: footprint_kib=1024 nodes=16384 hops=500000 final=9930
stock_default_chase4m,stock,default,chase4m,0,5126955,128992765,25.15972248634911,0.03974606637821897,64.496,4.86,1026016,603540,0.5882364407572591,603540,189.3794181,2.0,113.39987485582486,117.71899694848112,602516,102568,6916033,114,1.6e-05,603654,570739,0.9454737316409731,193.795176078,111.32124233585043,0,0,570739,69653,40985088,91.49288,1027111,531919,0.5178787881738196,103.74949653351746,6916033,4,1091,0,0.0,0,0,0.0,chase: footprint_kib=4096 nodes=65536 hops=500000 final=60
stock_default_hello,stock,default,hello,0,1401,17309,12.354746609564597,0.08094055115835692,0.009000000000000001,0.01,685,32,0.04671532846715328,32,147.5,2.0,8.89051094890511,22.840827980014275,0,0,1834,50,0.027263,82,82,1.0,146.646341464,58.52962169878658,0,0,82,0,5248,45.09146,685,3,0.004379562043795621,2.1413276231263385,1834,1,0,0,0.0,0,0,0.0,"Hello, World!"
stock_default_matmul,stock,default,matmul,0,6862544,24657977,3.5931247945368363,0.2783092870919622,12.328999999999999,3.3,1881623,119767,0.06365090137609924,119767,29.821912546,2.0,3.8981916143121027,17.452274258642277,118743,118729,8772200,117,1.3e-05,119884,3632,0.030295952754329183,151.107929516,0.5292497942453994,0,0,3632,0,232448,49.555339999999994,1881687,120,6.37725615365361e-05,0.017486226682116718,8772200,5,58,0,0.0,0,0,0.0,matmul: n=96 block=0 checksum=219826053362
stock_default_matmulb,stock,default,matmulb,0,9102071,27171349,2.9851831522738066,0.3349878211788454,13.586,3.73,1995850,14758,0.007394343262269208,14758,56.99085242,2.0,2.4214099256028057,1.6213892420746883,13734,13720,11175021,120,1.1e-05,14878,3633,0.2441860465116279,150.951555188,0.39913993200009096,0,0,3633,0,232512,49.39884,1995914,120,6.012283094361781e-05,0.013183812782827117,11175021,5,58,0,0.0,0,0,0.0,matmul: n=96 block=16 checksum=219826053362
stock_default_pagewalk,stock,default,pagewalk,0,4025259,13331063,3.311852231123513,0.30194583882770637,6.666,1.82,505655,89462,0.17692300086027035,89462,26.967874628,2.0,6.771237306009307,22.22515371060595,88923,88917,5033313,122,2.4e-05,89586,727,0.008115107271225415,162.741403026,0.18060949618397226,0,0,727,0,46528,60.95324,506180,501042,0.9898494606661662,124.47447481019233,5033313,6,515,0,0.0,0,0,0.0,pagewalk: pages=512 hops=500000 final=200
stock_default_stream,stock,default,stream,0,6820444,47146867,6.912580324682675,0.14466378009804978,23.573,3.29,1574368,196674,0.12492250858757292,196674,156.243529902,2.0,21.5183337059353,28.835952615401578,195650,65556,6822833,112,1.6e-05,196786,196786,1.0,151.24095718200002,28.852373833726954,0,0,196786,65556,16789888,49.73364,1575396,4111,0.002609502626641175,0.6027466833537524,6822833,4,1026,0,0.0,0,0,0.0,stream: words=524288 passes=2 checksum=8dd97a8432780000
stock_default_stride,stock,default,stride,0,8766024,64970069,7.411577814525719,0.13492403709775957,32.485,5.47,1863851,1604169,0.86067448524587,1604169,26.32858134,2.0,24.660338192058518,182.99847228344345,1603145,1603132,11098754,112,1e-05,1604281,4264,0.0026578884871166584,148.136726078,0.4864234914255311,0,0,4264,0,272896,46.60518,1863919,142,7.618356806277526e-05,0.016198906140343673,11098754,4,66,0,0.0,0,0,0.0,stride: stride=32768 lines=8 iters=200000 checksum=1605600000
tlb_1024e_chase4m,tlb,1024e,chase4m,0,5126955,129070629,25.174909668604464,0.03972208890374277,64.535,5.45,1026016,603820,0.5885093409849359,603820,189.286336988,2.0,113.39677743826037,117.77361026184158,602796,102848,6916033,114,1.6e-05,603934,570739,0.9450353846612378,193.776593154,111.32124233585043,0,0,570739,69653,40985088,91.4843,1027111,2719,0.0026472309224611556,0.530334282239653,6916033,4,1091,81690,0.0006329092887584828,0,0,0.0,chase: footprint_kib=4096 nodes=65536 hops=500000 final=60
tlb_1024e_matmul,tlb,1024e,matmul,0,6862544,24609053,3.5859956599185376,0.27886257955558064,12.305,3.77,1881623,117553,0.062474257595703284,117553,29.900495946,2.0,3.868011285969686,17.129653376357222,116529,116515,8772200,117,1.3e-05,117670,3632,0.030865981133678933,151.386563876,0.5292497942453994,0,0,3632,0,232448,49.836040000000004,1881687,120,6.37725615365361e-05,0.017486226682116718,8772200,5,58,3750,0.00015238294622714658,0,0,0.0,matmul: n=96 block=0 checksum=219826053362
tlb_1024e_pagewalk,tlb,1024e,pagewalk,0,4025259,11230259,2.789946932607318,0.358429756606682,5.615,1.76,505655,603,0.001192512681571427,603,170.268656716,2.0,2.203047532407962,0.14980402503292334,0,0,5033313,122,2.4e-05,727,727,1.0,163.33562586,0.18060949618397226,0,0,727,0,46528,61.55846,506180,1040,0.002054605081196412,0.25836846771847477,5033313,6,515,31380,0.0027942365354173934,0,0,0.0,pagewalk: pages=512 hops=500000 final=200
tlb_1024e_stream,tlb,1024e,stream,0,6820444,47423761,6.953177974923626,0.14381912898051252,23.712,3.71,1574368,196674,0.12492250858757292,196674,157.01879251999998,2.0,21.61518145699003,28.835952615401578,195650,65556,6822833,112,1.6e-05,196786,196786,1.0,152.02070777400002,28.852373833726954,0,0,196786,65556,16789888,50.51364,1575396,4111,0.002609502626641175,0.6027466833537524,6822833,4,1026,123450,0.002603125466999549,0,0,0.0,stream: words=524288 passes=2 checksum=8dd97a8432780000
tlb_128e_chase4m,tlb,128e,chase4m,0,5126955,143741277,28.036383584408288,0.03566793830557106,71.87100000000001,6.29,1026016,603820,0.5885093409849359,603820,189.007886456,2.0,113.23290669917616,117.77361026184158,602796,102848,6916033,114,1.6e-05,603934,570739,0.9450353846612378,193.482090764,111.32124233585043,0,0,570739,69653,40985088,91.18467999999999,1027111,497345,0.4842173825419064,97.0059226187864,6916033,4,1091,14920470,0.10380087273052402,0,0,0.0,chase: footprint_kib=4096 nodes=65536 hops=500000 final=60
tlb_128e_matmul,tlb,128e,matmul,0,6862544,24609053,3.5859956599185376,0.27886257955558064,12.305,3.91,1881623,117553,0.062474257595703284,117553,29.900495946,2.0,3.868011285969686,17.129653376357222,116529,116515,8772200,117,1.3e-05,117670,3632,0.030865981133678933,151.386563876,0.5292497942453994,0,0,3632,0,232448,49.836040000000004,1881687,120,6.37725615365361e-05,0.017486226682116718,8772200,5,58,3750,0.00015238294622714658,0,0,0.0,matmul: n=96 block=0 checksum=219826053362
tlb_128e_pagewalk,tlb,128e,pagewalk,0,4025259,26229911,6.516328762944198,0.15346064269909265,13.115,2.1,505655,603,0.001192512681571427,603,170.31509121000002,2.0,2.203102906130919,0.14980402503292334,0,0,5033313,122,2.4e-05,727,727,1.0,162.77441540599997,0.18060949618397226,0,0,727,0,46528,60.99862,506180,501042,0.9898494606661662,124.47447481019233,5033313,6,515,15031440,0.5730648495147391,0,0,0.0,pagewalk: pages=512 hops=500000 final=200
tlb_128e_stream,tlb,128e,stream,0,6820444,47423761,6.953177974923626,0.14381912898051252,23.712,3.81,1574368,196674,0.12492250858757292,196674,157.01879251999998,2.0,21.61518145699003,28.835952615401578,195650,65556,6822833,112,1.6e-05,196786,196786,1.0,152.02070777400002,28.852373833726954,0,0,196786,65556,16789888,50.51364,1575396,4111,0.002609502626641175,0.6027466833537524,6822833,4,1026,123450,0.002603125466999549,0,0,0.0,stream: words=524288 passes=2 checksum=8dd97a8432780000
tlb_16e_chase4m,tlb,16e,chase4m,0,5126955,146384501,28.55193794367222,0.03502389231767098,73.192,6.17,1026016,603820,0.5885093409849359,603820,189.02546123,2.0,113.24324961784085,117.77361026184158,602796,102848,6916033,114,1.6e-05,603934,570739,0.9450353846612378,193.499934296,111.32124233585043,0,0,570739,69653,40985088,91.20746000000001,1027111,585113,0.5696687115608732,114.12485578671941,6916033,4,1091,17553510,0.11991371955423068,0,0,0.0,chase: footprint_kib=4096 nodes=65536 hops=500000 final=60
tlb_16e_matmul,tlb,16e,matmul,0,6862544,29887127,4.3551089799934255,0.22961537922330238,14.944,3.92,1881623,117553,0.062474257595703284,117553,29.89947513,2.0,3.8679475112479436,17.129653376357222,116529,116515,8772200,117,1.3e-05,117670,3632,0.030865981133678933,151.52533039600002,0.5292497942453994,0,0,3632,0,232448,49.97508,1881687,176039,0.09355381633608566,25.652148824109542,8772200,5,58,5281320,0.1767088552874286,0,0,0.0,matmul: n=96 block=0 checksum=219826053362
tlb_16e_pagewalk,tlb,16e,pagewalk,0,4025259,26229911,6.516328762944198,0.15346064269909265,13.115,1.97,505655,603,0.001192512681571427,603,170.31509121000002,2.0,2.203102906130919,0.14980402503292334,0,0,5033313,122,2.4e-05,727,727,1.0,162.77441540599997,0.18060949618397226,0,0,727,0,46528,60.99862,506180,501042,0.9898494606661662,124.47447481019233,5033313,6,515,15031440,0.5730648495147391,0,0,0.0,pagewalk: pages=512 hops=500000 final=200
tlb_16e_stream,tlb,16e,stream,0,6820444,47423761,6.953177974923626,0.14381912898051252,23.712,3.83,1574368,196674,0.12492250858757292,196674,157.01879251999998,2.0,21.61518145699003,28.835952615401578,195650,65556,6822833,112,1.6e-05,196786,196786,1.0,152.02070777400002,28.852373833726954,0,0,196786,65556,16789888,50.51364,1575396,4111,0.002609502626641175,0.6027466833537524,6822833,4,1026,123450,0.002603125466999549,0,0,0.0,stream: words=524288 passes=2 checksum=8dd97a8432780000
tlb_256e_chase4m,tlb,256e,chase4m,0,5126955,141706085,27.63942437567718,0.036180203553009035,70.853,6.39,1026016,603820,0.5885093409849359,603820,189.062733928,2.0,113.26518494877756,117.77361026184158,602796,102848,6916033,114,1.6e-05,603934,570739,0.9450353846612378,193.53988250400002,111.32124233585043,0,0,570739,69653,40985088,91.24986,1027111,428405,0.41709708103603216,83.55934467924918,6916033,4,1091,12852270,0.09069666980073579,0,0,0.0,chase: footprint_kib=4096 nodes=65536 hops=500000 final=60
tlb_256e_matmul,tlb,256e,matmul,0,6862544,24609053,3.5859956599185376,0.27886257955558064,12.305,3.89,1881623,117553,0.062474257595703284,117553,29.900495946,2.0,3.868011285969686,17.129653376357222,116529,116515,8772200,117,1.3e-05,117670,3632,0.030865981133678933,151.386563876,0.5292497942453994,0,0,3632,0,232448,49.836040000000004,1881687,120,6.37725615365361e-05,0.017486226682116718,8772200,5,58,3750,0.00015238294622714658,0,0,0.0,matmul: n=96 block=0 checksum=219826053362
tlb_256e_pagewalk,tlb,256e,pagewalk,0,4025259,26229911,6.516328762944198,0.15346064269909265,13.115,2.22,505655,603,0.001192512681571427,603,170.31509121000002,2.0,2.203102906130919,0.14980402503292334,0,0,5033313,122,2.4e-05,727,727,1.0,162.77441540599997,0.18060949618397226,0,0,727,0,46528,60.99862,506180,501042,0.9898494606661662,124.47447481019233,5033313,6,515,15031440,0.5730648495147391,0,0,0.0,pagewalk: pages=512 hops=500000 final=200
tlb_256e_stream,tlb,256e,stream,0,6820444,47423761,6.953177974923626,0.14381912898051252,23.712,3.85,1574368,196674,0.12492250858757292,196674,157.01879251999998,2.0,21.61518145699003,28.835952615401578,195650,65556,6822833,112,1.6e-05,196786,196786,1.0,152.02070777400002,28.852373833726954,0,0,196786,65556,16789888,50.51364,1575396,4111,0.002609502626641175,0.6027466833537524,6822833,4,1026,123450,0.002603125466999549,0,0,0.0,stream: words=524288 passes=2 checksum=8dd97a8432780000
tlb_32e_chase4m,tlb,32e,chase4m,0,5126955,145593355,28.39762685648694,0.03521421015402798,72.797,6.28,1026016,603820,0.5885093409849359,603820,188.97992448,2.0,113.21645081510775,117.77361026184158,602796,102848,6916033,114,1.6e-05,603934,570739,0.9450353846612378,193.452651738,111.32124233585043,0,0,570739,69653,40985088,91.15886,1027111,559641,0.544869055048578,109.15660465129886,6916033,4,1091,16789350,0.11531673269016983,0,0,0.0,chase: footprint_kib=4096 nodes=65536 hops=500000 final=60
tlb_32e_matmul,tlb,32e,matmul,0,6862544,24611271,3.586318863675045,0.2788374480944117,12.306,3.83,1881623,117553,0.062474257595703284,117553,29.900495946,2.0,3.868011285969686,17.129653376357222,116529,116515,8772200,117,1.3e-05,117670,3632,0.030865981133678933,151.4438326,0.5292497942453994,0,0,3632,0,232448,49.89318,1881687,187,9.937890839443542e-05,0.02724936991296522,8772200,5,58,5760,0.0002340391115924082,0,0,0.0,matmul: n=96 block=0 checksum=219826053362
tlb_32e_pagewalk,tlb,32e,pagewalk,0,4025259,26229911,6.516328762944198,0.15346064269909265,13.115,1.97,505655,603,0.001192512681571427,603,170.31509121000002,2.0,2.203102906130919,0.14980402503292334,0,0,5033313,122,2.4e-05,727,727,1.0,162.77441540599997,0.18060949618397226,0,0,727,0,46528,60.99862,506180,501042,0.9898494606661662,124.47447481019233,5033313,6,515,15031440,0.5730648495147391,0,0,0.0,pagewalk: pages=512 hops=500000 final=200
tlb_32e_stream,tlb,32e,stream,0,6820444,47423761,6.953177974923626,0.14381912898051252,23.712,3.87,1574368,196674,0.12492250858757292,196674,157.01879251999998,2.0,21.61518145699003,28.835952615401578,195650,65556,6822833,112,1.6e-05,196786,196786,1.0,152.02070777400002,28.852373833726954,0,0,196786,65556,16789888,50.51364,1575396,4111,0.002609502626641175,0.6027466833537524,6822833,4,1026,123450,0.002603125466999549,0,0,0.0,stream: words=524288 passes=2 checksum=8dd97a8432780000
tlb_512e_chase4m,tlb,512e,chase4m,0,5126955,137511993,26.82137701618212,0.037283693503009585,68.756,5.84,1026016,603820,0.5885093409849359,603820,189.127382332,2.0,113.30323113841133,117.77361026184158,602796,102848,6916033,114,1.6e-05,603934,570739,0.9450353846612378,193.608379662,111.32124233585043,0,0,570739,69653,40985088,91.31992,1027111,287298,0.27971465596220857,56.03677036369541,6916033,4,1091,8619060,0.06267860578531503,0,0,0.0,chase: footprint_kib=4096 nodes=65536 hops=500000 final=60
tlb_512e_matmul,tlb,512e,matmul,0,6862544,24609053,3.5859956599185376,0.27886257955558064,12.305,3.71,1881623,117553,0.062474257595703284,117553,29.900495946,2.0,3.868011285969686,17.129653376357222,116529,116515,8772200,117,1.3e-05,117670,3632,0.030865981133678933,151.386563876,0.5292497942453994,0,0,3632,0,232448,49.836040000000004,1881687,120,6.37725615365361e-05,0.017486226682116718,8772200,5,58,3750,0.00015238294622714658,0,0,0.0,matmul: n=96 block=0 checksum=219826053362
tlb_512e_pagewalk,tlb,512e,pagewalk,0,4025259,11233097,2.7906519804067265,0.35833920066745617,5.617,1.9,505655,603,0.001192512681571427,603,170.31509121000002,2.0,2.203102906130919,0.14980402503292334,0,0,5033313,122,2.4e-05,727,727,1.0,163.442916094,0.18060949618397226,0,0,727,0,46528,61.66506,506180,1132,0.002236358607609941,0.28122413986280137,5033313,6,515,34140,0.0030392330806010134,0,0,0.0,pagewalk: pages=512 hops=500000 final=200
tlb_512e_stream,tlb,512e,stream,0,6820444,47423761,6.953177974923626,0.14381912898051252,23.712,3.79,1574368,196674,0.12492250858757292,196674,157.01879251999998,2.0,21.61518145699003,28.835952615401578,195650,65556,6822833,112,1.6e-05,196786,196786,1.0,152.02070777400002,28.852373833726954,0,0,196786,65556,16789888,50.51364,1575396,4111,0.002609502626641175,0.6027466833537524,6822833,4,1026,123450,0.002603125466999549,0,0,0.0,stream: words=524288 passes=2 checksum=8dd97a8432780000
tlb_64e_chase4m,tlb,64e,chase4m,0,5126955,144739739,28.231131148995846,0.0354218892159257,72.37,6.19,1026016,603820,0.5885093409849359,603820,188.943777948,2.0,113.19517824338153,117.77361026184158,602796,102848,6916033,114,1.6e-05,603934,570739,0.9450353846612378,193.41418231400002,111.32124233585043,0,0,570739,69653,40985088,91.12972,1027111,531919,0.5178787881738196,103.74949653351746,6916033,4,1091,15957690,0.11025092424686492,0,0,0.0,chase: footprint_kib=4096 nodes=65536 hops=500000 final=60
tlb_64e_matmul,tlb,64e,matmul,0,6862544,24609053,3.5859956599185376,0.27886257955558064,12.305,3.85,1881623,117553,0.062474257595703284,117553,29.900495946,2.0,3.868011285969686,17.129653376357222,116529,116515,8772200,117,1.3e-05,117670,3632,0.030865981133678933,151.386563876,0.5292497942453994,0,0,3632,0,232448,49.836040000000004,1881687,120,6.37725615365361e-05,0.017486226682116718,8772200,5,58,3750,0.00015238294622714658,0,0,0.0,matmul: n=96 block=0 checksum=219826053362
tlb_64e_pagewalk,tlb,64e,pagewalk,0,4025259,26229911,6.516328762944198,0.15346064269909265,13.115,2.06,505655,603,0.001192512681571427,603,170.31509121000002,2.0,2.203102906130919,0.14980402503292334,0,0,5033313,122,2.4e-05,727,727,1.0,162.77441540599997,0.18060949618397226,0,0,727,0,46528,60.99862,506180,501042,0.9898494606661662,124.47447481019233,5033313,6,515,15031440,0.5730648495147391,0,0,0.0,pagewalk: pages=512 hops=500000 final=200
tlb_64e_stream,tlb,64e,stream,0,6820444,47423761,6.953177974923626,0.14381912898051252,23.712,3.87,1574368,196674,0.12492250858757292,196674,157.01879251999998,2.0,21.61518145699003,28.835952615401578,195650,65556,6822833,112,1.6e-05,196786,196786,1.0,152.02070777400002,28.852373833726954,0,0,196786,65556,16789888,50.51364,1575396,4111,0.002609502626641175,0.6027466833537524,6822833,4,1026,123450,0.002603125466999549,0,0,0.0,stream: words=524288 passes=2 checksum=8dd97a8432780000
tlb_8e_chase4m,tlb,8e,chase4m,0,5126955,146969963,28.66613087105309,0.034884372938162884,73.485,6.2,1026016,603820,0.5885093409849359,603820,189.05642410000002,2.0,113.26147155605956,117.77361026184158,602796,102848,6916033,114,1.6e-05,603934,570739,0.9450353846612378,193.532544648,111.32124233585043,0,0,570739,69653,40985088,91.25641999999999,1027111,604008,0.5880649705825368,117.81027920081218,6916033,4,1091,18120360,0.12329294796107419,0,0,0.0,chase: footprint_kib=4096 nodes=65536 hops=500000 final=60
tlb_8e_matmul,tlb,8e,matmul,0,6862544,29954493,4.364925456215654,0.2290989869199255,14.977,3.94,1881623,117553,0.062474257595703284,117553,29.89947513,2.0,3.8679475112479436,17.129653376357222,116529,116515,8772200,117,1.3e-05,117670,3632,0.030865981133678933,151.29019823800002,0.5292497942453994,0,0,3632,0,232448,49.73954,1881687,178313,0.09476230637720301,25.983512819735655,8772200,5,58,5349540,0.17858890150469248,0,0,0.0,matmul: n=96 block=0 checksum=219826053362
tlb_8e_pagewalk,tlb,8e,pagewalk,0,4025259,26229911,6.516328762944198,0.15346064269909265,13.115,1.94,505655,603,0.001192512681571427,603,170.31509121000002,2.0,2.203102906130919,0.14980402503292334,0,0,5033313,122,2.4e-05,727,727,1.0,162.77441540599997,0.18060949618397226,0,0,727,0,46528,60.99862,506180,501042,0.9898494606661662,124.47447481019233,5033313,6,515,15031440,0.5730648495147391,0,0,0.0,pagewalk: pages=512 hops=500000 final=200
tlb_8e_stream,tlb,8e,stream,0,6820444,47423761,6.953177974923626,0.14381912898051252,23.712,3.89,1574368,196674,0.12492250858757292,196674,157.01879251999998,2.0,21.61518145699003,28.835952615401578,195650,65556,6822833,112,1.6e-05,196786,196786,1.0,152.02070777400002,28.852373833726954,0,0,196786,65556,16789888,50.51364,1575396,4111,0.002609502626641175,0.6027466833537524,6822833,4,1026,123450,0.002603125466999549,0,0,0.0,stream: words=524288 passes=2 checksum=8dd97a8432780000
tlblat_0c_chase4m,tlblat,0c,chase4m,0,5126955,128992765,25.15972248634911,0.03974606637821897,64.496,5.92,1026016,603820,0.5885093409849359,603820,189.29252757400002,2.0,113.40042065594756,117.77361026184158,602796,102848,6916033,114,1.6e-05,603934,570739,0.9450353846612378,193.78329674399998,111.32124233585043,0,0,570739,69653,40985088,91.4782,1027111,531919,0.5178787881738196,103.74949653351746,6916033,4,1091,0,0.0,0,0,0.0,chase: footprint_kib=4096 nodes=65536 hops=500000 final=60
tlblat_0c_pagewalk,tlblat,0c,pagewalk,0,4025259,11198637,2.7820910406013626,0.35944186779158926,5.599,2.03,505655,603,0.001192512681571427,603,168.988391376,2.0,2.2015207997542356,0.14980402503292334,0,0,5033313,122,2.4e-05,727,727,1.0,163.002751032,0.18060949618397226,0,0,727,0,46528,61.21733999999999,506180,501042,0.9898494606661662,124.47447481019233,5033313,6,515,0,0.0,0,0,0.0,pagewalk: pages=512 hops=500000 final=200
tlblat_0c_stream,tlblat,0c,stream,0,6820444,47146867,6.912580324682675,0.14466378009804978,23.573,3.94,1574368,196674,0.12492250858757292,196674,156.243529902,2.0,21.5183337059353,28.835952615401578,195650,65556,6822833,112,1.6e-05,196786,196786,1.0,151.24095718200002,28.852373833726954,0,0,196786,65556,16789888,49.73364,1575396,4111,0.002609502626641175,0.6027466833537524,6822833,4,1026,0,0.0,0,0,0.0,stream: words=524288 passes=2 checksum=8dd97a8432780000
tlblat_100c_chase4m,tlblat,100c,chase4m,0,5126955,181570313,35.41484428866647,0.028236747050163425,90.78500000000001,6.04,1026016,603820,0.5885093409849359,603820,188.274750754,2.0,112.8014494903396,117.77361026184158,602796,102848,6916033,114,1.6e-05,603934,570739,0.9450353846612378,192.706265036,111.32124233585043,0,0,570739,69653,40985088,90.43610000000001,1027111,531919,0.5178787881738196,103.74949653351746,6916033,4,1091,53192300,0.292957032023181,0,0,0.0,chase: footprint_kib=4096 nodes=65536 hops=500000 final=60
tlblat_100c_pagewalk,tlblat,100c,pagewalk,0,4025259,61301023,15.229087867389403,0.06566381445216665,30.651,2.06,505655,603,0.001192512681571427,603,167.499170812,2.0,2.1997448853460084,0.14980402503292334,0,0,5033313,122,2.4e-05,727,727,1.0,159.68225584599998,0.18060949618397226,0,0,727,0,46528,57.9546,506180,501042,0.9898494606661662,124.47447481019233,5033313,6,515,50104800,0.8173566695616157,0,0,0.0,pagewalk: pages=512 hops=500000 final=200
tlblat_100c_stream,tlblat,100c,stream,0,6820444,47600351,6.9790692512100385,0.14328558207480444,23.8,3.71,1574368,196674,0.12492250858757292,196674,156.45697957,2.0,21.544998373919043,28.835952615401578,195650,65556,6822833,112,1.6e-05,196786,196786,1.0,151.454305692,28.852373833726954,0,0,196786,65556,16789888,49.945879999999995,1575396,4111,0.002609502626641175,0.6027466833537524,6822833,4,1026,411500,0.008644894236179057,0,0,0.0,stream: words=524288 passes=2 checksum=8dd97a8432780000
tlblat_10c_chase4m,tlblat,10c,chase4m,0,5126955,134212915,26.177899942558497,0.03820016128850193,67.106,6.06,1026016,603820,0.5885093409849359,603820,189.129329932,2.0,113.30437731920382,117.77361026184158,602796,102848,6916033,114,1.6e-05,603934,570739,0.9450353846612378,193.609781354,111.32124233585043,0,0,570739,69653,40985088,91.31183999999999,1027111,531919,0.5178787881738196,103.74949653351746,6916033,4,1091,5319230,0.03963277304572366,0,0,0.0,chase: footprint_kib=4096 nodes=65536 hops=500000 final=60
tlblat_10c_pagewalk,tlblat,10c,pagewalk,0,4025259,16208343,4.026658408812948,0.24834488016449308,8.104,1.99,505655,603,0.001192512681571427,603,170.222222222,2.0,2.2029921586850048,0.14980402503292334,0,0,5033313,122,2.4e-05,727,727,1.0,161.938101788,0.18060949618397226,0,0,727,0,46528,60.14306,506180,501042,0.9898494606661662,124.47447481019233,5033313,6,515,5010480,0.30912968710003236,0,0,0.0,pagewalk: pages=512 hops=500000 final=200
tlblat_10c_stream,tlblat,10c,stream,0,6820444,47245917,6.927102839639179,0.1443604957440026,23.623,3.88,1574368,196674,0.12492250858757292,196674,156.53795621199998,2.0,21.555114179174684,28.835952615401578,195650,65556,6822833,112,1.6e-05,196786,196786,1.0,151.53518543,28.852373833726954,0,0,196786,65556,16789888,50.02256,1575396,4111,0.002609502626641175,0.6027466833537524,6822833,4,1026,41150,0.0008709747341765004,0,0,0.0,stream: words=524288 passes=2 checksum=8dd97a8432780000
tlblat_30c_chase4m,tlblat,30c,chase4m,0,5126955,144739739,28.231131148995846,0.0354218892159257,72.37,6.04,1026016,603820,0.5885093409849359,603820,188.943777948,2.0,113.19517824338153,117.77361026184158,602796,102848,6916033,114,1.6e-05,603934,570739,0.9450353846612378,193.41418231400002,111.32124233585043,0,0,570739,69653,40985088,91.12972,1027111,531919,0.5178787881738196,103.74949653351746,6916033,4,1091,15957690,0.11025092424686492,0,0,0.0,chase: footprint_kib=4096 nodes=65536 hops=500000 final=60
tlblat_30c_pagewalk,tlblat,30c,pagewalk,0,4025259,26229911,6.516328762944198,0.15346064269909265,13.115,2.12,505655,603,0.001192512681571427,603,170.31509121000002,2.0,2.203102906130919,0.14980402503292334,0,0,5033313,122,2.4e-05,727,727,1.0,162.77441540599997,0.18060949618397226,0,0,727,0,46528,60.99862,506180,501042,0.9898494606661662,124.47447481019233,5033313,6,515,15031440,0.5730648495147391,0,0,0.0,pagewalk: pages=512 hops=500000 final=200
tlblat_30c_stream,tlblat,30c,stream,0,6820444,47423761,6.953177974923626,0.14381912898051252,23.712,3.86,1574368,196674,0.12492250858757292,196674,157.01879251999998,2.0,21.61518145699003,28.835952615401578,195650,65556,6822833,112,1.6e-05,196786,196786,1.0,152.02070777400002,28.852373833726954,0,0,196786,65556,16789888,50.51364,1575396,4111,0.002609502626641175,0.6027466833537524,6822833,4,1026,123450,0.002603125466999549,0,0,0.0,stream: words=524288 passes=2 checksum=8dd97a8432780000
tlblat_60c_chase4m,tlblat,60c,chase4m,0,5126955,160535157,31.311988695044136,0.03193664924126246,80.268,6.06,1026016,603820,0.5885093409849359,603820,188.67506873,2.0,113.03704035857979,117.77361026184158,602796,102848,6916033,114,1.6e-05,603934,570739,0.9450353846612378,193.129863212,111.32124233585043,0,0,570739,69653,40985088,90.857,1027111,531919,0.5178787881738196,103.74949653351746,6916033,4,1091,31915380,0.19880617178453938,0,0,0.0,chase: footprint_kib=4096 nodes=65536 hops=500000 final=60
tlblat_60c_pagewalk,tlblat,60c,pagewalk,0,4025259,41258755,10.24996279742496,0.0975613297105063,20.629,2.04,505655,603,0.001192512681571427,603,166.752902156,2.0,2.1988549505098693,0.14980402503292334,0,0,5033313,122,2.4e-05,727,727,1.0,159.203576342,0.18060949618397226,0,0,727,0,46528,57.45324,506180,501042,0.9898494606661662,124.47447481019233,5033313,6,515,30062880,0.7286424420707799,0,0,0.0,pagewalk: pages=512 hops=500000 final=200
tlblat_60c_stream,tlblat,60c,stream,0,6820444,47434001,6.954679343456233,0.14378808146502337,23.717,3.96,1574368,196674,0.12492250858757292,196674,156.446057944,2.0,21.54363401700127,28.835952615401578,195650,65556,6822833,112,1.6e-05,196786,196786,1.0,151.44541278399998,28.852373833726954,0,0,196786,65556,16789888,49.93096,1575396,4111,0.002609502626641175,0.6027466833537524,6822833,4,1026,246900,0.005205127014269785,0,0,0.0,stream: words=524288 passes=2 checksum=8dd97a8432780000
victim_2way+v8_chase,victim,2way+v8,chase,0,3160920,27456050,8.686094554749882,0.1151265385953187,13.728,3.49,632806,518453,0.8192921685319039,518453,35.665296563999995,2.0,31.220298163253016,164.01965250623238,517424,517424,4359367,114,2.6e-05,518559,17578,0.033897782123152816,187.959836158,5.561039191121572,3,518445,17578,0,1124992,84.7446,633085,393614,0.6217395768340744,124.52513825088899,4359367,4,275,0,0.0,0,0,0.0,chase: footprint_kib=1024 nodes=16384 hops=500000 final=9930
victim_2way+v8_matmul,victim,2way+v8,matmul,0,6862544,24979950,3.6400422350661796,0.2747220871138653,12.49,3.99,1881623,119773,0.06365409011263148,119773,32.510540772,2.0,4.069428891911268,17.45314856997638,118743,118743,8772200,117,1.3e-05,111889,3632,0.03246074234285765,159.80203744399998,0.5292497942453994,7995,111772,3632,0,232448,57.27492,1881687,120,6.37725615365361e-05,0.017486226682116718,8772200,5,58,0,0.0,0,0,0.0,matmul: n=96 block=0 checksum=219826053362
victim_2way+v8_stride,victim,2way+v8,stride,0,8766024,33008526,3.765507144402069,0.26556847767149616,16.504,5.95,1863851,1604175,0.8606777043873142,1604175,6.405085479999999,2.0,7.512714267330918,182.99915674426626,1603145,1603145,11098754,112,1e-05,4279,4264,0.9964945080626314,152.226547842,0.4864234914255311,1600002,4167,4264,0,272896,49.71694,1863919,142,7.618356806277526e-05,0.016198906140343673,11098754,4,66,0,0.0,0,0,0.0,stride: stride=32768 lines=8 iters=200000 checksum=1605600000
victim_2way_chase,victim,2way,chase,0,3160920,25343157,8.017652139250599,0.12472479257418481,12.671999999999999,2.99,632806,518448,0.8192842672161769,518448,31.590705336,2.0,27.88176787204693,164.01807068828063,517424,517411,4359367,114,2.6e-05,518562,17578,0.033897586016715456,186.73665946,5.561039191121572,0,0,17578,0,1124992,84.51386,633085,393614,0.6217395768340744,124.52513825088899,4359367,4,275,0,0.0,0,0,0.0,chase: footprint_kib=1024 nodes=16384 hops=500000 final=9930
victim_2way_matmul,victim,2way,matmul,0,6862544,24657977,3.5931247945368363,0.2783092870919622,12.328999999999999,4.02,1881623,119767,0.06365090137609924,119767,29.821912546,2.0,3.8981916143121027,17.452274258642277,118743,118729,8772200,117,1.3e-05,119884,3632,0.030295952754329183,151.107929516,0.5292497942453994,0,0,3632,0,232448,49.555339999999994,1881687,120,6.37725615365361e-05,0.017486226682116718,8772200,5,58,0,0.0,0,0,0.0,matmul: n=96 block=0 checksum=219826053362
victim_2way_stride,victim,2way,stride,0,8766024,64970069,7.411577814525719,0.13492403709775957,32.485,6.87,1863851,1604169,0.86067448524587,1604169,26.32858134,2.0,24.660338192058518,182.99847228344345,1603145,1603132,11098754,112,1e-05,1604281,4264,0.0026578884871166584,148.136726078,0.4864234914255311,0,0,4264,0,272896,46.60518,1863919,142,7.618356806277526e-05,0.016198906140343673,11098754,4,66,0,0.0,0,0,0.0,stride: stride=32768 lines=8 iters=200000 checksum=1605600000
victim_8way_chase,victim,8way,chase,0,3160920,25343157,8.017652139250599,0.12472479257418481,12.671999999999999,2.95,632806,518438,0.8192684645847227,518438,31.591276102,2.0,27.88173626635758,164.01490705237717,517414,517401,4359367,114,2.6e-05,518552,17578,0.0338982397136642,186.75031289199998,5.561039191121572,0,0,17578,0,1124992,84.52748,633085,393614,0.6217395768340744,124.52513825088899,4359367,4,275,0,0.0,0,0,0.0,chase: footprint_kib=1024 nodes=16384 hops=500000 final=9930
victim_8way_matmul,victim,8way,matmul,0,6862544,24461481,3.564491681219093,0.2805449105882019,12.231,3.83,1881623,111611,0.059316345516609865,111611,30.099622798,2.0,3.7853996258057956,16.263793718481075,110587,110573,8772200,117,1.3e-05,111728,3632,0.0325075182586281,151.052312776,0.5292497942453994,0,0,3632,0,232448,49.5,1881687,120,6.37725615365361e-05,0.017486226682116718,8772200,5,58,0,0.0,0,0,0.0,matmul: n=96 block=0 checksum=219826053362
victim_8way_stride,victim,8way,stride,0,8766024,26570117,3.0310340240911957,0.3299204139748425,13.285,4.43,1863851,4169,0.002236766780177171,4169,152.439913648,2.0,2.340972534820923,0.4755861950640336,3145,3132,11098754,112,1e-05,4281,4264,0.9960289651950479,148.147983114,0.4864234914255311,0,0,4264,0,272896,46.61632,1863919,142,7.618356806277526e-05,0.016198906140343673,11098754,4,66,0,0.0,0,0,0.0,stride: stride=32768 lines=8 iters=200000 checksum=1605600000
victim_dm+v16_chase,victim,dm+v16,chase,0,3160920,27456050,8.686094554749882,0.1151265385953187,13.728,3.65,632806,518463,0.8193079711633581,518463,35.664647236,2.0,31.220329769184026,164.02281614213584,517434,517434,4359367,114,2.6e-05,518555,17578,0.03389804360193229,187.96302196000002,5.561039191121572,17,518441,17578,0,1124992,84.74746,633085,393614,0.6217395768340744,124.52513825088899,4359367,4,275,0,0.0,0,0,0.0,chase: footprint_kib=1024 nodes=16384 hops=500000 final=9930
victim_dm+v16_matmul,victim,dm+v16,matmul,0,6862544,24998026,3.642676243678729,0.27452343637053583,12.499,4.21,1881623,122560,0.06513525823185622,122560,31.962002283999997,2.0,4.081853272375518,17.85926618466854,121530,121530,8772200,117,1.3e-05,112190,3632,0.03237365184062751,159.720539648,0.5292497942453994,10481,112073,3632,0,232448,57.1937,1881687,120,6.37725615365361e-05,0.017486226682116718,8772200,5,58,0,0.0,0,0,0.0,matmul: n=96 block=0 checksum=219826053362
victim_dm+v16_stride,victim,dm+v16,stride,0,8766024,33008526,3.765507144402069,0.26556847767149616,16.504,6.63,1863851,1604175,0.8606777043873142,1604175,6.405085479999999,2.0,7.512714267330918,182.99915674426626,1603145,1603145,11098754,112,1e-05,4279,4264,0.9964945080626314,152.226547842,0.4864234914255311,1600002,4167,4264,0,272896,49.71694,1863919,142,7.618356806277526e-05,0.016198906140343673,11098754,4,66,0,0.0,0,0,0.0,stride: stride=32768 lines=8 iters=200000 checksum=1605600000
victim_dm+v4_chase,victim,dm+v4,chase,0,3160920,27456050,8.686094554749882,0.1151265385953187,13.728,3.57,632806,518463,0.8193079711633581,518463,35.664647236,2.0,31.220329769184026,164.02281614213584,517434,517434,4359367,114,2.6e-05,518555,17578,0.03389804360193229,187.96302196000002,5.561039191121572,17,518441,17578,0,1124992,84.74746,633085,393614,0.6217395768340744,124.52513825088899,4359367,4,275,0,0.0,0,0,0.0,chase: footprint_kib=1024 nodes=16384 hops=500000 final=9930
victim_dm+v4_matmul,victim,dm+v4,matmul,0,6862544,25002024,3.643258826464355,0.2744795381365925,12.501,4.16,1881623,122560,0.06513525823185622,122560,31.998033616,2.0,4.084200182489775,17.85926618466854,121530,121530,8772200,117,1.3e-05,112374,3632,0.03232064356523751,159.605451542,0.5292497942453994,10297,112257,3632,0,232448,57.07888,1881687,120,6.37725615365361e-05,0.017486226682116718,8772200,5,58,0,0.0,0,0,0.0,matmul: n=96 block=0 checksum=219826053362
victim_dm+v4_stride,victim,dm+v4,stride,0,8766024,71409044,8.146115502307545,0.12275789604465227,35.705,8.36,1863851,1604175,0.8606777043873142,1604175,30.342911466,2.0,28.115467384984395,182.99915674426626,1603145,1603145,11098754,112,1e-05,1604281,4264,0.0026578884871166584,152.33677298400002,0.4864234914255311,0,1604169,4264,0,272896,49.827160000000006,1863919,142,7.618356806277526e-05,0.016198906140343673,11098754,4,66,0,0.0,0,0,0.0,stride: stride=32768 lines=8 iters=200000 checksum=1605600000
victim_dm+v8_chase,victim,dm+v8,chase,0,3160920,27456050,8.686094554749882,0.1151265385953187,13.728,3.58,632806,518463,0.8193079711633581,518463,35.664647236,2.0,31.220329769184026,164.02281614213584,517434,517434,4359367,114,2.6e-05,518555,17578,0.03389804360193229,187.96302196000002,5.561039191121572,17,518441,17578,0,1124992,84.74746,633085,393614,0.6217395768340744,124.52513825088899,4359367,4,275,0,0.0,0,0,0.0,chase: footprint_kib=1024 nodes=16384 hops=500000 final=9930
victim_dm+v8_matmul,victim,dm+v8,matmul,0,6862544,25000762,3.6430749296470815,0.2744933934413679,12.5,4.17,1881623,122560,0.06513525823185622,122560,31.984521865999998,2.0,4.083320091164362,17.85926618466854,121530,121530,8772200,117,1.3e-05,112305,3632,0.03234050131338765,159.713931718,0.5292497942453994,10366,112188,3632,0,232448,57.18708,1881687,120,6.37725615365361e-05,0.017486226682116718,8772200,5,58,0,0.0,0,0,0.0,matmul: n=96 block=0 checksum=219826053362
victim_dm+v8_stride,victim,dm+v8,stride,0,8766024,33008526,3.765507144402069,0.26556847767149616,16.504,6.27,1863851,1604175,0.8606777043873142,1604175,6.405085479999999,2.0,7.512714267330918,182.99915674426626,1603145,1603145,11098754,112,1e-05,4279,4264,0.9964945080626314,152.226547842,0.4864234914255311,1600002,4167,4264,0,272896,49.71694,1863919,142,7.618356806277526e-05,0.016198906140343673,11098754,4,66,0,0.0,0,0,0.0,stride: stride=32768 lines=8 iters=200000 checksum=1605600000
victim_dm_chase,victim,dm,chase,0,3160920,25343583,8.017786910140085,0.12472269607655713,12.671999999999999,2.98,632806,518458,0.819300069847631,518458,31.590732518,2.0,27.88228935853523,164.0212343241841,517434,517421,4359367,114,2.6e-05,518572,17578,0.033896932344978134,186.74519285399998,5.561039191121572,0,0,17578,0,1124992,84.5223,633085,393614,0.6217395768340744,124.52513825088899,4359367,4,275,0,0.0,0,0,0.0,chase: footprint_kib=1024 nodes=16384 hops=500000 final=9930
victim_dm_matmul,victim,dm,matmul,0,6862544,24728133,3.6033478255294247,0.2775196979084511,12.364,3.99,1881623,122554,0.06513206949532398,122554,29.766135744,2.0,3.938730021885455,17.858391873334437,121530,121516,8772200,117,1.3e-05,122671,3632,0.02960764972976498,151.08920704800002,0.5292497942453994,0,0,3632,0,232448,49.53704,1881687,120,6.37725615365361e-05,0.017486226682116718,8772200,5,58,0,0.0,0,0,0.0,matmul: n=96 block=0 checksum=219826053362
victim_dm_stride,victim,dm,stride,0,8766024,64970069,7.411577814525719,0.13492403709775957,32.485,6.95,1863851,1604169,0.86067448524587,1604169,26.32858134,2.0,24.660338192058518,182.99847228344345,1603145,1603132,11098754,112,1e-05,1604281,4264,0.0026578884871166584,148.136726078,0.4864234914255311,0,0,4264,0,272896,46.60518,1863919,142,7.618356806277526e-05,0.016198906140343673,11098754,4,66,0,0.0,0,0,0.0,stride: stride=32768 lines=8 iters=200000 checksum=1605600000
wset_1024KiB_chase,wset,1024KiB,chase,0,3160920,25343157,8.017652139250599,0.12472479257418481,12.671999999999999,2.71,632806,518448,0.8192842672161769,518448,31.590705336,2.0,27.88176787204693,164.01807068828063,517424,517411,4359367,114,2.6e-05,518562,17578,0.033897586016715456,186.73665946,5.561039191121572,0,0,17578,0,1124992,84.51386,633085,393614,0.6217395768340744,124.52513825088899,4359367,4,275,0,0.0,0,0,0.0,chase: footprint_kib=1024 nodes=16384 hops=500000 final=9930
wset_128KiB_chase,wset,128KiB,chase,0,2587565,20630355,7.972883772968022,0.1254251320445043,10.315,2.22,518161,502206,0.9692084120572564,502206,26.58710569,2.0,27.76844648700335,194.08439981217862,501184,501170,3613775,120,3.3e-05,502328,2357,0.00469215333407654,152.76325838000002,0.9108949920098626,0,0,2357,0,150848,51.133,518208,85,0.000164026800049401,0.03284941634316433,3613775,6,37,0,0.0,0,0,0.0,chase: footprint_kib=128 nodes=2048 hops=500000 final=1813
wset_16KiB_chase,wset,16KiB,chase,0,2515897,8117417,3.226450446898263,0.3099381244058301,4.059,1.27,503849,334,0.0006628970187496651,334,151.023952096,2.0,2.1001133276042308,0.13275583221411688,0,0,3520583,120,3.4e-05,457,457,1.0,146.956236324,0.18164495605344733,0,0,457,0,29248,45.39606,503870,29,5.755452795363883e-05,0.01152670399463889,3520583,8,7,0,0.0,0,0,0.0,chase: footprint_kib=16 nodes=256 hops=500000 final=209
wset_2048KiB_chase,wset,2048KiB,chase,0,3816299,33647985,8.816915288870186,0.11341835179729187,16.823999999999998,3.2,763880,543530,0.7115384615384616,543530,41.884609866,2.0,31.802510866192307,142.42332689341166,542506,420735,5211631,114,2.2e-05,543644,51253,0.09427676935641707,189.760911556,13.430027364208097,0,0,51253,10265,3937152,88.78982,764431,467838,0.6120081472363104,122.58945119342064,5211631,4,547,0,0.0,0,0,0.0,chase: footprint_kib=2048 nodes=32768 hops=500000 final=28248
wset_256KiB_chase,wset,256KiB,chase,0,2669444,21294141,7.9769948348794735,0.1253604923532722,10.647,2.32,534539,504209,0.9432595189499737,504209,27.31923865,2.0,27.769131907078528,188.88165475657104,503187,503173,3720255,120,3.2e-05,504331,4533,0.00898814469068925,171.14074564400002,1.698106422161319,0,0,4533,0,290112,69.18664,534620,613,0.00114660880625491,0.22963583427859885,3720255,6,71,0,0.0,0,0,0.0,chase: footprint_kib=256 nodes=4096 hops=500000 final=42
wset_32KiB_chase,wset,32KiB,chase,0,2526041,8189151,3.2418915607466388,0.30846189061601137,4.095,1.28,505862,605,0.0011959783498266326,605,151.92727272800002,2.0,2.181701728930894,0.23950521784879977,1,0,3533773,120,3.4e-05,727,727,1.0,148.122420908,0.2878021378116982,0,0,727,0,46528,46.56808,505883,33,6.523247470264864e-05,0.013063920973570895,3533773,6,11,0,0.0,0,0,0.0,chase: footprint_kib=32 nodes=512 hops=500000 final=491
wset_4096KiB_chase,wset,4096KiB,chase,0,5126955,128992765,25.15972248634911,0.03974606637821897,64.496,5.2,1026016,603540,0.5882364407572591,603540,189.3794181,2.0,113.39987485582486,117.71899694848112,602516,102568,6916033,114,1.6e-05,603654,570739,0.9454737316409731,193.795176078,111.32124233585043,0,0,570739,69653,40985088,91.49288,1027111,531919,0.5178787881738196,103.74949653351746,6916033,4,1091,0,0.0,0,0,0.0,chase: footprint_kib=4096 nodes=65536 hops=500000 final=60
wset_512KiB_chase,wset,512KiB,chase,0,2833178,22650287,7.994657236502613,0.1250835364690964,11.325,2.5,567257,509216,0.8976812978949577,509216,28.769257054,2.0,27.825624011708385,179.73314772315751,508192,508179,3933169,114,2.9e-05,509330,8874,0.017422888893251918,181.638494478,3.1321717167082337,0,0,8874,0,567936,79.50676,567400,257837,0.454418399718012,91.00628340330188,3933169,4,139,0,0.0,0,0,0.0,chase: footprint_kib=512 nodes=8192 hops=500000 final=2719
wset_64KiB_chase,wset,64KiB,chase,0,2546543,10561789,4.147500749054699,0.2411090583233579,5.281,1.45,509962,93534,0.18341366611629886,93534,27.680993008,2.0,7.077072409336916,36.7297940776967,92575,92559,3560432,120,3.4e-05,93656,1271,0.013570940462970872,148.086546026,0.499108006422825,0,0,1271,0,81344,46.52124,509992,51,0.0001000015686520573,0.02002715053309526,3560432,6,20,0,0.0,0,0,0.0,chase: footprint_kib=64 nodes=1024 hops=500000 final=477
wset_8192KiB_chase,wset,8192KiB,chase,0,7748458,153542953,19.81593666765697,0.05046443258128558,76.771,6.77,1550314,736049,0.47477414252854583,736049,178.312764504,2.0,86.65828986928112,94.99296505188516,735025,229783,10325075,114,1.1e-05,736163,645665,0.8770679863019467,194.656967622,83.32819252553217,0,0,645665,139285,50236800,92.34952,1552497,634601,0.40876149841191317,81.90029551686284,10325075,4,2179,0,0.0,0,0,0.0,chase: footprint_kib=8192 nodes=131072 hops=500000 final=74040
